subject,question_id,question,A,B,C,D,E,F,G,H,I,J,true_answer,pred,is_correct,answer_method,cot_pred,cot_input_length,cot_gen_length,cot_output,answer_latency_ms,extraction_method_used,ground_truth_normalized,extracted_normalized
SPLIT_0_OF_1,0,"A person wants to start saving money so that they can afford a nice vacation at the end of the year. After looking over their budget and expenses, they decide the best way to save money is to",make more phone calls,quit eating lunch out,buy less with monopoly money,have lunch with friends,,,,,,,B,,False,generate,,150,1,,231.5783379599452,,,
SPLIT_0_OF_1,1,There is most likely going to be fog around:,a marsh,a tundra,the plains,a desert,,,,,,,A,,False,generate,,111,1,,36.68031096458435,,,
SPLIT_0_OF_1,2,Predators eat,lions,humans,bunnies,grass,,,,,,,C,,False,generate,,102,1,,36.19938698830083,,,
SPLIT_0_OF_1,3,"Oak tree seeds are planted and a sidewalk is paved right next to that spot, until eventually, the tree is tall and the roots must extend past the sidewalk, which means",roots may be split,roots may begin to die,parts may break the concrete,roots may fall apart,,,,,,,C,,False,generate,,145,1,,35.39188398281112,,,
SPLIT_0_OF_1,4,An electric car runs on electricity via,gasoline,a power station,electrical conductors,fuel,,,,,,,C,,False,generate,,108,1,,35.54387198528275,,,
SPLIT_0_OF_1,5,As the rain forest is deforested the atmosphere will increase with,oxygen,nitrogen,carbon,rain,,,,,,,C,,False,generate,,110,1,,35.619567963294685,,,
SPLIT_0_OF_1,6,an electric car contains a motor that runs on,gas,hydrogen,ions,plutonium,,,,,,,C,,False,generate,,107,1,,36.12750204047188,,,
SPLIT_0_OF_1,7,The middle of the day usually involves the bright star nearest to the earth to be straight overhead why?,moons gravity,human planet rotation,global warming,moon rotation,,,,,,,B,,False,generate,,121,1,,35.95583600690588,,,
SPLIT_0_OF_1,8,The summer solstice in the northern hemisphere is four months before,May,July,April,October,,,,,,,D,,False,generate,,109,1,,35.5870759813115,,,
SPLIT_0_OF_1,9,The main component in dirt is,microorganisms,broken stones,pollution,bacteria,,,,,,,B,,False,generate,,105,1,,35.79874796560034,,,
SPLIT_0_OF_1,10,It's easier for human's to survive in:,a cave,the ocean.,a town,alone,,,,,,,C,,False,generate,,109,1,,34.69394304556772,,,
SPLIT_0_OF_1,11,A cactus stem is used to store,fruit,liquid,food,spines,,,,,,,B,,False,generate,,106,1,,36.14951600320637,,,
SPLIT_0_OF_1,12,A red-tailed hawk is searching for prey. It is most likely to swoop down on,an eagle,a cow,a gecko,a deer,,,,,,,C,,False,generate,,121,1,,34.57394300494343,,,
SPLIT_0_OF_1,13,The chance of wildfires is increased by,parched foliage,torrential rain,lush foliage,careful fire maintenance,,,,,,,A,,False,generate,,111,1,,34.512001962866634,,,
SPLIT_0_OF_1,14,A positive effect of burning biofuel is,shortage of crops for the food supply,an increase in air pollution,powering the lights in a home,deforestation in the amazon to make room for crops,,,,,,,C,,False,generate,,129,1,,36.3085109856911,,,
SPLIT_0_OF_1,15,"As gasoline costs rise, alternative fuels are being used, which means that",wind power will be expensive,gas costs will rise,oil costs will be maintained,gasoline will be needed less,,,,,,,D,,False,generate,,126,1,,35.888171987608075,,,
SPLIT_0_OF_1,16,"A person wants to be able to have more natural power in their home. They choose to cease using a traditional electric company to source this electricity, and so decide to install",sun grafts,sunlight shields,panels collecting sunlight,solar bees,,,,,,,C,,False,generate,,137,1,,35.6106529943645,,,
SPLIT_0_OF_1,17,A Mola Mola might live where?,Lake Michigan,The Mississippi River,Bay of Bengal,Lake Eerie,,,,,,,C,,False,generate,,112,1,,36.16592497564852,,,
SPLIT_0_OF_1,18,Which requires energy to move?,weasel,willow,mango,poison ivy,,,,,,,A,,False,generate,,106,1,,35.12262098956853,,,
SPLIT_0_OF_1,19,An animal that only eats plants is a,rat,moth,chimpanzee,pig,,,,,,,B,,False,generate,,106,1,,35.00335302669555,,,
SPLIT_0_OF_1,20,There was a lot more water vapor in the air when we went on a trip to,Hanoi,Athens,Baghdad,Phoenix,,,,,,,A,,False,generate,,115,1,,35.597013018559664,,,
SPLIT_0_OF_1,21,An example of conservation is avoiding the use of,gasoline,air,snow,clothes,,,,,,,A,,False,generate,,106,1,,35.11043998878449,,,
SPLIT_0_OF_1,22,What can feathers on Spheniscidae be used for?,keeping warm,flying,sleeping,eating,,,,,,,A,,False,generate,,110,1,,34.79035903001204,,,
SPLIT_0_OF_1,23,Overpopulation can cause,More fresh water for people to drink,Lower Life Expectancy in Countries,More food for more people,More space for places to people to live,,,,,,,B,,False,generate,,123,1,,35.55952699389309,,,
SPLIT_0_OF_1,24,Shining a light through a diamond can,make a lot of bright lights shine,summon a brilliant wave of color,heat up a room,make a lot of money,,,,,,,B,,False,generate,,123,1,,34.487402997910976,,,
SPLIT_0_OF_1,25,"If you were attacked by a shark and had to punch it sharply where it pulls in air from, you'd use your hand to make contact with",its snout,its gills,its nose,its belly,,,,,,,B,,False,generate,,132,1,,37.58434497285634,,,
SPLIT_0_OF_1,26,which of these would stop a car quicker?,a wheel with wet brake pads,a wheel without brake pads,a wheel with worn brake pads,a wheel with dry brake pads,,,,,,,D,,False,generate,,124,1,,36.23116697417572,,,
SPLIT_0_OF_1,27,what system is needed for a body to get its needed supply of the gas humans breathe in?,the circulatory system,the digestive system,the school system,central nervous system,,,,,,,A,,False,generate,,124,1,,34.96484097559005,,,
SPLIT_0_OF_1,28,Every evening a child can look into the night sky and see that the moon is,gone,breaking,falling,moving upwards,,,,,,,D,,False,generate,,114,1,,37.485070002730936,,,
SPLIT_0_OF_1,29,"When it's flying, a plane has no friction with the",wings,ground,air,clouds,,,,,,,B,,False,generate,,109,1,,34.753100015223026,,,
SPLIT_0_OF_1,30,To grow plants require,acid rain,pesticides,shafts of sunlight,moonbeam rays,,,,,,,C,,False,generate,,107,1,,34.87351496005431,,,
SPLIT_0_OF_1,31,What is the best way to guess a babies eye color?,The surroundings they are born in.,Their parents usual diet.,Just take a random guess.,The genealogy records of their family.,,,,,,,D,,False,generate,,126,1,,34.7798079601489,,,
SPLIT_0_OF_1,32,What animal eats plants?,eagles,robins,owls,leopards,,,,,,,B,,False,generate,,106,1,,35.01724899979308,,,
SPLIT_0_OF_1,33,Which of these is a hypothesis?,The ice caps will completely melt if global warming continues,The earth is round,The earth revolves around the sun,Gravity causes objects to fall,,,,,,,A,,False,generate,,124,1,,34.877167956437916,,,
SPLIT_0_OF_1,34,What explains the characteristic lunar formations?,remains of ancient ponds,many collisions that have occured,volcanic explosions over millions of years,sink holes due to the moons porous nature,,,,,,,B,,False,generate,,122,1,,37.12070896290243,,,
SPLIT_0_OF_1,35,Tadpoles start their lives as,Water animals,Frogs,Ants,College Students,,,,,,,A,,False,generate,,109,1,,34.6402499708347,,,
SPLIT_0_OF_1,36,"If a person puts out four apples around their home on the same day, the molecules in which apple would be moving the most rapidly?",the apple sitting on a sunny sidewalk,the apple in the freezer,the apple sitting on the shaded stoop,the apple in a closet,,,,,,,A,,False,generate,,144,1,,35.89770902181044,,,
SPLIT_0_OF_1,37,What is used for sensing visual things?,nerves,tibia,nostril,cornea,,,,,,,D,,False,generate,,107,1,,34.640497993677855,,,
SPLIT_0_OF_1,38,They studied the soil by using,plants,a telescope,roots,a microscope,,,,,,,D,,False,generate,,105,1,,34.65961798792705,,,
SPLIT_0_OF_1,39,Bill's arm got cold when he put it inside the,refrigerator,room,jacket,oven,,,,,,,A,,False,generate,,108,1,,34.74631701828912,,,
SPLIT_0_OF_1,40,A recyclable material can be,transformed,traded,thrown away,used more times,,,,,,,D,,False,generate,,106,1,,34.93544604862109,,,
SPLIT_0_OF_1,41,What is different about birth in humans and chickens?,Mother,Fertilization,Father,the hard shell,,,,,,,D,,False,generate,,110,1,,34.7435160074383,,,
SPLIT_0_OF_1,42,Which of these situations is an example of pollutants?,plastic bags floating in the ocean,mallard ducks floating on a lake,cottonwood seeds floating in the air,cirrus clouds floating in the sky,,,,,,,A,,False,generate,,129,1,,35.21489899139851,,,
SPLIT_0_OF_1,43,Human reproduction requires,eggs with shells,nest incubation,a nest,a womb,,,,,,,D,,False,generate,,106,1,,35.03975202329457,,,
SPLIT_0_OF_1,44,Thermometers,can help you monitor a fever,indicate levels of mercury in the blood,read exactly at 98.6 degrees,are used only for babies,,,,,,,A,,False,generate,,123,1,,34.61164695909247,,,
SPLIT_0_OF_1,45,"if the earth was a living room, what can be done to melt the glaciers?",someone would turn up the room heater,someone would turn up the air conditioner,someone would turn up the music,someone would turn on the light,,,,,,,A,,False,generate,,135,1,,36.08288598479703,,,
SPLIT_0_OF_1,46,What would happen when balloons heat up?,they get bigger,they get smaller,nothing happens,they fall down,,,,,,,A,,False,generate,,111,16, inconunct word uncept word uncept word uncept word uncept word un,177.21512500429526,,,
SPLIT_0_OF_1,47,"A balloon is filled with helium for a party. After the party, the balloons are left in the living room, where a fireplace is heating the room. The balloons",expand,melt,shrink,fall,,,,,,,A,,False,generate,,130,1,,36.77794698160142,,,
SPLIT_0_OF_1,48,Seals are most likely to be found in what type of environment?,desert,arctic,Mediterranean,tropical,,,,,,,B,,False,generate,,111,1,,35.018011985812336,,,
SPLIT_0_OF_1,49,"When the eggs hatch, the offspring are",killed,hurt,born,cold,,,,,,,C,,False,generate,,105,1,,35.003001044970006,,,
SPLIT_0_OF_1,50,Some berries may be eaten by,a bear or person,a bear or shark,a bear or lion,a bear or wolf,,,,,,,A,,False,generate,,115,1,,34.48639198904857,,,
SPLIT_0_OF_1,51,A person has a chance to experience an equinox,weekly,monthly,annually,biannually,,,,,,,D,,False,generate,,109,1,,34.64774100575596,,,
SPLIT_0_OF_1,52,Overpopulation of an organism can,strain the resources of an ecosystem,cause boundless growth of resources,lead to extinction of the organism,cause the ecosystem to flourish,,,,,,,A,,False,generate,,122,1,,34.67492398340255,,,
SPLIT_0_OF_1,53,"To improve health, what is a good strategy?",high risk lifestyle,restaurant food,business trip,a spa trip,,,,,,,D,,False,generate,,112,1,,34.81735900277272,,,
SPLIT_0_OF_1,54,A girl and her mom have the same,date of birth,shirt,number of toenails,hair length,,,,,,,C,,False,generate,,111,1,,34.6684810356237,,,
SPLIT_0_OF_1,55,The transportation with the most mass is likely a,commercial plane,private plane,bus,private car,,,,,,,A,,False,generate,,109,1,,34.65266595594585,,,
SPLIT_0_OF_1,56,A rabbit may enjoy,meat,compost,peas,pebbles,,,,,,,C,,False,generate,,103,1,,35.62318399781361,,,
SPLIT_0_OF_1,57,"A construction group wants to put a shopping center in town, but the only place available is a small nature park with a trail. Deer and other wildlife frequent the park, since it is the only place in the city where trees and fresh water are available for them. The construction group decides to build the shopping center, which means that",the deer are moved to a zoo,the trail is expanded,the mall has a nature park in it,the wildlife environment is destroyed,,,,,,,D,,False,generate,,183,1,,37.237941985949874,,,
SPLIT_0_OF_1,58,Owls are likely to hunt at,3pm,2am,6pm,7am,,,,,,,B,,False,generate,,113,1,,35.97513400018215,,,
SPLIT_0_OF_1,59,What could be a positive aspect of a tree being cut down?,the plants that were under the tree will have access to more light,the squirrels that were in that tree will have an easier time getting to their home,Plants under the tree will get cooled off by the shade,The sun will shine brighter than before,,,,,,,A,,False,generate,,153,1,,35.87809996679425,,,
SPLIT_0_OF_1,60,Birds carrying away fruit helps the tree,grow,fertilize,reproduce,conquer,,,,,,,C,,False,generate,,106,1,,35.15031095594168,,,
SPLIT_0_OF_1,61,"If a UFO is flying overhead and looks small, then large, then",the UFO is calling,the UFO had been close,the UFO is approaching,the UFO is leaving,,,,,,,C,,False,generate,,124,1,,34.95258203474805,,,
SPLIT_0_OF_1,62,Inherited behavior is exhibited when,bears take a long winter sleep,dogs sit on command,seals clap for their trainers,rats navigate thru a maze,,,,,,,A,,False,generate,,119,1,,35.65363702364266,,,
SPLIT_0_OF_1,63,What likely explains deforestation?,Increased insect populations,Clearing for farming,reduction in rainfall,More carbon dioxide,,,,,,,B,,False,generate,,111,1,,34.72667298046872,,,
SPLIT_0_OF_1,64,Mosquitoes enjoy all the people at a BBQ in the summer for what reason?,steak,blood,nice weather,taking food,,,,,,,B,,False,generate,,115,1,,34.44763203151524,,,
SPLIT_0_OF_1,65,The surface of the moon contains,dogs,water,high peaks,humans,,,,,,,C,,False,generate,,104,1,,35.632579994853586,,,
SPLIT_0_OF_1,66,A tool used to identify the percent chance of a trait being passed down has at least,four boxes,eight boxes,two boxes,six boxes,,,,,,,A,,False,generate,,118,1,,35.53164598997682,,,
SPLIT_0_OF_1,67,"A prisoner is kept in a stone room, unable to see the sun. The prisoner knows that he needs vitamin D to survive, so he",asks for milk,asks for television,asks for water,asks for sleep,,,,,,,A,,False,generate,,133,1,,36.13888198742643,,,
SPLIT_0_OF_1,68,When trying to pull a rose out of the ground why do you encounter resistance?,roots,tensile strength,plant temperature,plant color,,,,,,,A,,False,generate,,116,1,,36.133991030510515,,,
SPLIT_0_OF_1,69,A bat flew through the sky without hitting anything due to which of these?,rainy sky to fly in,fast truck to drive,a car with gasoline,surfaces to reflect sound off,,,,,,,D,,False,generate,,125,1,,35.78030300559476,,,
SPLIT_0_OF_1,70,How can we see that the coloration of fur is an inherited characteristic?,puppies have soft fur,kittens look like their parents,all mammals are born with fur,baby rats are mostly bald,,,,,,,B,,False,generate,,127,1,,35.511707013938576,,,
SPLIT_0_OF_1,71,Decaying vegetation is part of the process that,enables nuclear power to function,enables to emitting of light beams,enables gas powered motors to operate,enables windmills to power electric grids,,,,,,,C,,False,generate,,127,1,,34.87524500815198,,,
SPLIT_0_OF_1,72,"After a torrential downpour over a week, a man notices that the pond in his backyard is",melted,dehydrated,bloated,salted,,,,,,,C,,False,generate,,121,1,,34.807457006536424,,,
SPLIT_0_OF_1,73,The amount of friction and the speed of an object have what kind of relationship?,inverse,reverse,direct,equal,,,,,,,A,,False,generate,,112,1,,34.782251983415335,,,
SPLIT_0_OF_1,74,A fallen leaf,will turn into a tree,will become bright green,will begin to recycle the nutrients that made up its structure,is likely to continue to grow,,,,,,,C,,False,generate,,122,1,,34.8592369700782,,,
SPLIT_0_OF_1,75,Over a period of time the weather can change,The color of my hair,The way I walk,The size of a statue,The sound a computer makes,,,,,,,C,,False,generate,,121,1,,34.73023197147995,,,
SPLIT_0_OF_1,76,Plant growth may cause,an uptick in the number of leaves,a surge in leaf disease,a gradual decrease in leaves,a rapid decline of the leaves,,,,,,,A,,False,generate,,121,1,,34.813495993148535,,,
SPLIT_0_OF_1,77,The man's heart skipped a beat and he felt pain after touching which of these?,ice cube,water,electrical transformer,grass,,,,,,,C,,False,generate,,115,1,,34.51733000110835,,,
SPLIT_0_OF_1,78,Which substance is capable of dripping?,Oxygen,Juice,Wood,Lightning,,,,,,,B,,False,generate,,103,1,,34.72040197812021,,,
SPLIT_0_OF_1,79,If bacon is left too long on a hot stove top,it will be cooked perfectly,it will be bacteria laden,it will become blackened,it will be left raw,,,,,,,C,,False,generate,,124,1,,34.80096795829013,,,
SPLIT_0_OF_1,80,the dashboard reading in a jaguar would likely be set to which of these?,set to calories,set to volume,set to kilometers,set to width,,,,,,,C,,False,generate,,120,1,,37.31546300696209,,,
SPLIT_0_OF_1,81,are explosions safe?,they could harm living things,they are very safe,they cause nothing serious,none of these,,,,,,,A,,False,generate,,112,1,,34.95950601063669,,,
SPLIT_0_OF_1,82,The lowest temperature on the trip was at,the mountain pass,the plain,the large hill,the canyon,,,,,,,A,,False,generate,,111,1,,34.574887016788125,,,
SPLIT_0_OF_1,83,What is the benefit to using a frosted window film over a non treated windows?,they are easier to make,they let in less light,they are cheaper to produce,they are much stronger,,,,,,,B,,False,generate,,128,16, inconunct word un concunct word un concunct word un concunct word un,169.3887509754859,,,
SPLIT_0_OF_1,84,Ocean water contains,copious amounts of seltzer,scant amounts of sodium chloride,scant amounts of carbonation,copious amounts of the combination of Na and Cl,,,,,,,D,,False,generate,,123,1,,34.69091100851074,,,
SPLIT_0_OF_1,85,A cheetah that runs all day will find it has lost a lot of,blood,water,prey,spots,,,,,,,B,,False,generate,,113,1,,34.57960701780394,,,
SPLIT_0_OF_1,86,Beak shape can influence a bird's ability,to give birth to live young,to mate with it's partner,to fly to warmer climates,to chew up certain worms,,,,,,,D,,False,generate,,124,1,,34.88492203177884,,,
SPLIT_0_OF_1,87,Some blind people have demonstrated bat-like skills by:,sensing shapes by light and shadows,having a unusually strong sense of smell,sensing nearby objects by temperature change,using sound to 'see',,,,,,,D,,False,generate,,126,1,,34.66161101823673,,,
SPLIT_0_OF_1,88,December 21st through March 20 is a three month period which is an example of what?,A session,A Match,A Season,Autumn,,,,,,,C,,False,generate,,121,1,,34.71966698998585,,,
SPLIT_0_OF_1,89,Seeds provide new plants with,life sustaining elements,essentials for photosynthesis,water and hydrogen,storage for roots,,,,,,,A,,False,generate,,112,1,,34.96917197480798,,,
SPLIT_0_OF_1,90,What is a more comfortable color to have for your automobile upholstery if living in a desert?,ecru,red,black,navy,,,,,,,A,,False,generate,,115,1,,34.4758210121654,,,
SPLIT_0_OF_1,91,The salamander could eat a large amounts of what?,fettuccine if left around,waxy leaves from certain plants,dead carcass meat from livestock,six legged winged organisms,,,,,,,D,,False,generate,,129,1,,35.196451004594564,,,
SPLIT_0_OF_1,92,A person can see,a radio recording,an emotion,a written message,an abstract idea,,,,,,,C,,False,generate,,108,1,,34.621069964487106,,,
SPLIT_0_OF_1,93,"When looking for good soil for plants, typically what is optimal?",malleable and nutritious,dry and sandy,grainy and bitter,compact and hard,,,,,,,A,,False,generate,,120,1,,34.75124901160598,,,
SPLIT_0_OF_1,94,Animals are drawn to,gold,houses,feeders,Carbon Dioxide,,,,,,,C,,False,generate,,105,1,,34.82804197119549,,,
SPLIT_0_OF_1,95,Squirrels spend their fall,looking for pretty leaves to collect,stockpiling rocks for fighting in the winter,stockpiling pecans for the frigid months,collecting twigs to keep warm,,,,,,,C,,False,generate,,130,1,,35.08428699569777,,,
SPLIT_0_OF_1,96,Rainbows are always found after what?,A fire,A tornado,Rainfall,Cereal,,,,,,,C,,False,generate,,108,1,,34.65662099188194,,,
SPLIT_0_OF_1,97,Crop rotation has a positive impact on what?,government mentality,dirt quality,town economies,crop watering,,,,,,,B,,False,generate,,109,1,,34.67498504323885,,,
SPLIT_0_OF_1,98,the best method for detecting texture is,rubbing it,seeing it,hearing it,tasting it,,,,,,,A,,False,generate,,108,1,,34.66876002494246,,,
SPLIT_0_OF_1,99,Cold-blooded animals are often,fast,large,hairless,slow,,,,,,,C,,False,generate,,104,1,,34.79714796412736,,,
SPLIT_0_OF_1,100,Grey clouds can bring,sunlight,falling water molecules,blooming flowers,drought conditions,,,,,,,B,,False,generate,,106,1,,34.864920016843826,,,
SPLIT_0_OF_1,101,Which animal is considered a predator?,ant,snake,elephant,giraffe,,,,,,,B,,False,generate,,104,1,,34.76614999817684,,,
SPLIT_0_OF_1,102,Pollinators,enable plants to continue flourishing,play an unimportant role in the reproduction process,are useless to plants,are considered unwanted pests,,,,,,,A,,False,generate,,118,1,,34.59556202869862,,,
SPLIT_0_OF_1,103,"A farmer harvests seeds from some plants, such as tomatoes, in order to plant them later on. These seeds, once planted",have their own dirt,have their own sunlight,have a lot of sand,contain their necessary nutrition,,,,,,,D,,False,generate,,136,1,,36.934785021003336,,,
SPLIT_0_OF_1,104,What type of characteristics are people not born with?,genetics,skills,physical attributes,height,,,,,,,B,,False,generate,,107,1,,34.4015410519205,,,
SPLIT_0_OF_1,105,A spinning object is used to make,steam,heat,water,electricity,,,,,,,D,,False,generate,,104,1,,34.3166200327687,,,
SPLIT_0_OF_1,106,One of the negative consequences of offshore oil platforms is,evaporation of the surrounding water,discharge of liquid petroleum in the surrounding sea,improvement in the conditions of sea life,increase in the birthrate of sea birds,,,,,,,B,,False,generate,,132,1,,34.89057399565354,,,
SPLIT_0_OF_1,107,The unit of measure derived from French word millilitre is a unit used for measuring volume generally used for values between 1 and,1000,250,5000,300,,,,,,,A,,False,generate,,137,1,,34.416834998410195,,,
SPLIT_0_OF_1,108,"A man's child runs through the yard in the sprinklers, getting mud all over their feet. The child then runs around on the porch, tracking mud everywhere. While the mud is still wet, the man decides to clean off the porch by",getting a new child,yelling at the mud,asking the child to stop,turning on the hose,,,,,,,D,,False,generate,,159,1,,36.19077504845336,,,
SPLIT_0_OF_1,109,Earthquakes,only happen in California,cause solar and lunar eclipses,will break your vases,make bridges much safer,,,,,,,C,,False,generate,,115,1,,34.617150959093124,,,
SPLIT_0_OF_1,110,A seismograph can accurately describe,how rough the footing will be,how bad the weather will be,how stable the ground will be,how shaky the horse will be,,,,,,,C,,False,generate,,124,1,,34.86908401828259,,,
SPLIT_0_OF_1,111,"Light from further away may appear to be less bright than other, closer sources, such as in which instance?",the sun is always bright,the moon is brighter than stars,the moon is brighter than a floodlight,the sun is darker than the moon,,,,,,,B,,False,generate,,140,1,,36.74583102110773,,,
SPLIT_0_OF_1,112,A plant needs a specific climate to grow and,wither,persist,die,decay,,,,,,,B,,False,generate,,107,1,,34.7230100305751,,,
SPLIT_0_OF_1,113,Banging on a drum causes,music to be loud,music to be appealing,reverberations to strike the eardrum,concerts to sell out,,,,,,,C,,False,generate,,120,1,,34.67965201707557,,,
SPLIT_0_OF_1,114,What may have been formed by a volcano?,Mt. McKinley,Lake Pontchartrain,The great lakes,Niagara Falls,,,,,,,A,,False,generate,,114,1,,34.623896004632115,,,
SPLIT_0_OF_1,115,"Humans, cats, dogs, and elephants are known as mammals because their kids are born alive. Non-mammalian babies are born",old,dead,in an egg,big,,,,,,,C,,False,generate,,125,1,,34.738436981569976,,,
SPLIT_0_OF_1,116,Wind can cause,basements to flood due to weather,small birds to kill large birds,waterfalls to flow backwards,stones to weather down to pebbles,,,,,,,D,,False,generate,,122,1,,34.79507996235043,,,
SPLIT_0_OF_1,117,Inherited characteristics,include mice being able to navigate a maze,include learning to sit on command,include dolphins doing tricks for their trainers,include spots on a ladybug,,,,,,,D,,False,generate,,123,1,,34.63769203517586,,,
SPLIT_0_OF_1,118,How could we determine approximately how far a bird is from the ground?,"Measure the altitude of the bird using a reference point, such as a tall building.",Identify the species of bird,Ask the bird how high it was when it returns back to earth,Measure the bird's mass,,,,,,,A,,False,generate,,145,1,,34.53006700146943,,,
SPLIT_0_OF_1,119,Endangered pandas are sometimes,accidentally dropped into volcanoes,confined to enclosures to be viewed by the public,found eating corn in the middle of North America,made into delicious rare steaks,,,,,,,B,,False,generate,,128,1,,34.67484301654622,,,
SPLIT_0_OF_1,120,Algae can be found in,reservoir,meat,street,tree,,,,,,,A,,False,generate,,103,1,,34.65544700156897,,,
SPLIT_0_OF_1,121,A toaster converts electrical energy into heat energy for toasting much like,a campfire toasts bread,a microwave heats soup,a fire burns paper,a small oven works,,,,,,,D,,False,generate,,124,1,,34.845777961891145,,,
SPLIT_0_OF_1,122,"An octopus, when in danger and unable to swim to safety, may find itself",mimicking other things,melting into sand,creating new homes,mocking other fish,,,,,,,A,,False,generate,,123,1,,34.68940197490156,,,
SPLIT_0_OF_1,123,What does someone do when creating music?,hit a toy baseball with a bat,shake a baby rattle with your hand,bang the wall with your fist,pluck the strings of a fingerboard with your fingers,,,,,,,D,,False,generate,,132,1,,35.286002967040986,,,
SPLIT_0_OF_1,124,The pull the human planet space rock orbiter has on certain bodies of dihydrogen monooxide results in?,telescope views,water level fluctuations,animal,plant harvesting,,,,,,,B,,False,generate,,124,1,,34.836793958675116,,,
SPLIT_0_OF_1,125,"Since density = mass / volume, denser liquids such as water sink more than",baby oil,corn syrup or,milk,honey,,,,,,,A,,False,generate,,116,1,,34.65895896079019,,,
SPLIT_0_OF_1,126,Photosynthesis can be performed by,a cabbage cell,a bee cell,a bear cell,a cat cell,,,,,,,A,,False,generate,,111,1,,34.73036800278351,,,
SPLIT_0_OF_1,127,The force exerted on an object and distance traveled have what kind of relationship?,reverse,inverse,equal,direct,,,,,,,D,,False,generate,,112,1,,34.84192199539393,,,
SPLIT_0_OF_1,128,all cells use cellular respiration to,photosynthesize,release waste,perform meiosis,release energy,,,,,,,B,,False,generate,,110,1,,34.59248098079115,,,
SPLIT_0_OF_1,129,The viewing oriented sensor of a prairie creature are for what?,reproductive purposes,viewing sounds,sensing views,sensing tastes,,,,,,,C,,False,generate,,113,1,,34.680670010857284,,,
SPLIT_0_OF_1,130,"A dog is going to have to corral sheep for the afternoon, so it needs to prepare its body for the enormous workload ahead of it. The dog is",breaks for birds on the road,given a large breakfast,eats a few corn cobs,given two apples to watch,,,,,,,B,,False,generate,,146,1,,38.05416700197384,,,
SPLIT_0_OF_1,131,"A woman sells bracelets that she makes. The bracelets gain popularity, and the woman makes incredibly large amounts of money from the sales. After a while, very few people are still buying the bracelets, so",the woman makes more money,the woman makes the same amount of money,the woman spends more money,the woman makes less money,,,,,,,D,,False,generate,,156,1,,37.3436399968341,,,
SPLIT_0_OF_1,132,A desert environment is,"dry, grass covered, and humid","lush, green, and tropical","arid, parched, and sun-baked","dry, damp, and lush",,,,,,,C,,False,generate,,126,1,,34.788279968779534,,,
SPLIT_0_OF_1,133,Seasons are caused by what rotating on its axis?,Our Planet,The Atmosphere,The Equator,The Sun,,,,,,,A,,False,generate,,113,1,,34.56634102622047,,,
SPLIT_0_OF_1,134,Which is best an letting electricity pass through?,tile flooring,human flesh,hockey stick,a steak knife,,,,,,,D,,False,generate,,110,1,,34.569267998449504,,,
SPLIT_0_OF_1,135,Asteroids crashing on planets can leave behind,"large, bowl-shaped cavities in the ground",aliens and foreign foods,small dents in the planet's core,lakes filled with salty water,,,,,,,A,,False,generate,,128,1,,34.633020986802876,,,
SPLIT_0_OF_1,136,What is the formula of the substance which best helps plants grow,NH4,C4H4,CO2,H2O,,,,,,,D,,False,generate,,116,1,,34.56491301767528,,,
SPLIT_0_OF_1,137,You can experience a change of pressure when,Yelling really loud,Soaring the skies,Going walking,riding a bike,,,,,,,B,,False,generate,,114,1,,34.70543399453163,,,
SPLIT_0_OF_1,138,A small creek absorbing heat energy can result in,the creek water getting colder,a parched creek bed,tributaries branching off from the creek,a runoff of extra water,,,,,,,B,,False,generate,,125,1,,34.66186299920082,,,
SPLIT_0_OF_1,139,Summertime  happens during June in all but which location?,Australia,in Canada,United States,Europe,,,,,,,A,,False,generate,,111,1,,34.65230000438169,,,
SPLIT_0_OF_1,140,It takes more water to fill a bathtub than a,lake,pool,stomach,holding tank,,,,,,,C,,False,generate,,108,1,,34.71295797498897,,,
SPLIT_0_OF_1,141,The eighth month of the year is winter in,Brazil,Indiana,London,Canada,,,,,,,A,,False,generate,,106,1,,34.8085819859989,,,
SPLIT_0_OF_1,142,birds use their peckers to catch,dogs,a tan,a ball,bees,,,,,,,D,,False,generate,,107,1,,34.7041449858807,,,
SPLIT_0_OF_1,143,transplanting seedling oaks has a positive impact on,fuel costs,the economy,housing value,the environment,,,,,,,D,,False,generate,,113,1,,34.568928997032344,,,
SPLIT_0_OF_1,144,What is an example of hunting?,humans throwing a spear through an animal,humans chewing on boiled animal muscles,humans gathering animals in a gate,humans plucking fruit from a tree,,,,,,,A,,False,generate,,125,1,,34.75687699392438,,,
SPLIT_0_OF_1,145,Which of these has shape that changes depending on the container which it resides within?,paper,wood,stone,orange juice,,,,,,,D,,False,generate,,113,1,,34.53103196807206,,,
SPLIT_0_OF_1,146,What would be the flavor if you ate the item that fell and is thought to have hit Sir Issac Newton's head,Sweet,Salty,bitter,sour,,,,,,,A,,False,generate,,122,1,,34.63340800954029,,,
SPLIT_0_OF_1,147,Earth's four layers are comprised mainly of,stone,bacteria,water,air,,,,,,,A,,False,generate,,105,1,,34.638773009646684,,,
SPLIT_0_OF_1,148,"if coffee sits in the fridge and loses its liquid form, what is that point known as?",the freezing point,the prime point,the boiling point,the melting point,,,,,,,A,,False,generate,,123,1,,34.547148970887065,,,
SPLIT_0_OF_1,149,Mammals give birth to live,children,birds,fish,insects,,,,,,,A,,False,generate,,104,1,,34.817965992260724,,,
SPLIT_0_OF_1,150,"If a battery in an electromagnet is active, then what will happen to a nail in that electromagnet?",it loses its magnetization,it loses its charge,it may become magnetized,it gains a charge,,,,,,,C,,False,generate,,132,1,,35.107834031805396,,,
SPLIT_0_OF_1,151,Which of these is a factor in the shape of a fern's seed?,luck,humans,gold,inheritance,,,,,,,D,,False,generate,,111,1,,34.56287499284372,,,
SPLIT_0_OF_1,152,Which is recyclable?,An Elephant,A school notebook,A boat,A lake,,,,,,,B,,False,generate,,106,1,,34.85842200461775,,,
SPLIT_0_OF_1,153,"if the population in a habitat is on a steady decline, what condition is the habitat?",it is a place to emigrate from,it is an ideal habitat,it is an unsustainable habitat,it is a thriving abode,,,,,,,C,,False,generate,,134,1,,37.45312703540549,,,
SPLIT_0_OF_1,154,A teacher wants to show how to combine two substances together. The two things that he can use in order to mix them completely are,water and soda,water and oil,sand and rocks,salt and bark,,,,,,,A,,False,generate,,131,1,,36.408591957297176,,,
SPLIT_0_OF_1,155,Medicine is used to cure but can cause people to have allergic reactions such as,spider bites,vomiting,placebo effect,dance fever,,,,,,,B,,False,generate,,116,1,,34.69388996018097,,,
SPLIT_0_OF_1,156,Lightning may lead to,damage to local foliage,rainbows across the sky,growth of local flora,firefighters getting the night off,,,,,,,A,,False,generate,,116,1,,34.559923980850726,,,
SPLIT_0_OF_1,157,When would a nocturnal predator most likely hunt?,5 p.m.,12 p.m.,3 a.m.,10 a.m.,,,,,,,C,,False,generate,,120,1,,34.93168897693977,,,
SPLIT_0_OF_1,158,Where water be located in its gas form?,inside a disc golf driver,inside of a brass pipe,a mile up in the sky,inside a leather baseball,,,,,,,C,,False,generate,,121,1,,34.78093899320811,,,
SPLIT_0_OF_1,159,Green parts of a life form absorb,carbon dioxide,light,oxygen,water,,,,,,,B,,False,generate,,105,1,,34.74916401319206,,,
SPLIT_0_OF_1,160,If a new species of predator joins a community,the new species will become herbivores,prey will experience an increase in population,prey will experience a drop in population,the old species will die out,,,,,,,C,,False,generate,,130,1,,36.077086988370866,,,
SPLIT_0_OF_1,161,Why would a perennial plant with an elongated stem a frequently used for lumber fall to the ground?,It's dead,For water,For food,For sun,,,,,,,A,,False,generate,,121,1,,35.261693992652,,,
SPLIT_0_OF_1,162,I'm an animal with a white fur and a large fluffy tail that lives in arctic regions; what am I?,weasel,snow fox,wolf,polar bear,,,,,,,B,,False,generate,,123,1,,34.46435398655012,,,
SPLIT_0_OF_1,163,Dairy is a source of,a vitamin that prevents blood loss,a vitamin that treats amino acid deficiency,a group of fat-soluble secosteroids,a vitamin that helps treat liver problems,,,,,,,C,,False,generate,,129,1,,35.0134419859387,,,
SPLIT_0_OF_1,164,"Atomic 26 is drawn to a device, it could be",magnetized,Na,compass,K,,,,,,,A,,False,generate,,111,1,,34.54813704593107,,,
SPLIT_0_OF_1,165,why do tadpoles change into frogs?,tadpoles change to different animals,tadpoles are really just fish,they are young frogs still growing,none of these,,,,,,,C,,False,generate,,124,1,,34.91135302465409,,,
SPLIT_0_OF_1,166,What do cows eat?,Chickpeas,Chocolate,Steak,Poultry,,,,,,,A,,False,generate,,104,1,,34.72995100310072,,,
SPLIT_0_OF_1,167,Which object conducts electricity?,Window,Rubik's Cube,Ship Anchor,Boulder,,,,,,,C,,False,generate,,105,1,,34.697835973929614,,,
SPLIT_0_OF_1,168,Glucose travels,from roots to leaves of a daffodil,from a rose's leaves to the atmosphere,from a daisy's leaves into it's underground support system,from the sun to a sunflower's buds,,,,,,,C,,False,generate,,135,1,,35.13096598908305,,,
SPLIT_0_OF_1,169,Evaporation,only happens in the summer,is like nature's disappearing water trick,is caused by snow,involves the disappearance of sunlight,,,,,,,B,,False,generate,,116,1,,34.46514601819217,,,
SPLIT_0_OF_1,170,"In order for crops to grow food safely, pesticides are used on them. When it floods, this causes t he what to be poisonous?",air,Corn,Runoff,farmers,,,,,,,C,,False,generate,,125,1,,34.43880000850186,,,
SPLIT_0_OF_1,171,The boy was able to warm the fireplace without a lighter thanks to what?,friction,metal,wishing,magic,,,,,,,A,,False,generate,,111,1,,34.47848797077313,,,
SPLIT_0_OF_1,172,Where would a duck like to live?,the Sahara,Antarctica,the Appalachian mountains,Death Valley,,,,,,,C,,False,generate,,108,1,,34.456585010048,,,
SPLIT_0_OF_1,173,What do tuna eat?,Atlantic menhaden,Swedish fish,gummy fish,laminariales,,,,,,,A,,False,generate,,109,1,,34.439768991433084,,,
SPLIT_0_OF_1,174,"A woman notices that she is depressed every autumn, and wonders why. A friend suggests to her that perhaps certain changes that take place as seasons move from warm to cold may be having an effect on her. When pressed for an example of these changes, the friend cites",flowers blooming,grass turning brown,trees growing,blossoms blooming,,,,,,,B,,False,generate,,158,1,,35.45352100627497,,,
SPLIT_0_OF_1,175,is it normal for an adult animal to lay eggs?,it has never happened,yes it is standard,it is abnormal and weird,all of these,,,,,,,B,,False,generate,,119,1,,34.25007103942335,,,
SPLIT_0_OF_1,176,If your dog is overweight,add more fat to their diet,cut back their caloric intake,let them sleep more,increase their caloric intake,,,,,,,B,,False,generate,,119,1,,34.235926985275,,,
SPLIT_0_OF_1,177,Eyes allow humans,to detect when a traffic light changes,detect sour flavors in candy,hear music at concerts,detect acrid odors in the air,,,,,,,A,,False,generate,,121,1,,34.490705002099276,,,
SPLIT_0_OF_1,178,Organisms covered by layers of sediment,become fossils over night,may end up reanimated over time,develop characteristics for survival,may end up fueling a car,,,,,,,D,,False,generate,,122,1,,34.59073003614321,,,
SPLIT_0_OF_1,179,The winter solstice is on December 21st in the,counties,north of equator,states,southern hemisphere,,,,,,,B,,False,generate,,114,1,,34.27625197218731,,,
SPLIT_0_OF_1,180,A lake environment is a good setup for what to happen to organic remains?,bleaching,burning,fossilization,drying,,,,,,,C,,False,generate,,113,1,,34.195039013866335,,,
SPLIT_0_OF_1,181,were there fossil fuels in the ground when humans evolved?,this was only created by humans,humans predate fossil fuel formation,significant supplies accumulated prior,none of these,,,,,,,C,,False,generate,,122,1,,34.5481900149025,,,
SPLIT_0_OF_1,182,"The Grand Canyon is massive, with large, high peaks and very deep lows, which was formed when",some water is around it,water rained on it,natural waters weathered it,a pool was opened,,,,,,,C,,False,generate,,132,1,,34.956705989316106,,,
SPLIT_0_OF_1,183,What type of useful product can be made from the moving winds?,wood,bananas,electricity,metal,,,,,,,C,,False,generate,,109,1,,34.43874203367159,,,
SPLIT_0_OF_1,184,The sides of the canyon are,metal,water,rivers,stone,,,,,,,D,,False,generate,,103,1,,34.439596987795085,,,
SPLIT_0_OF_1,185,which of these people would have the worst air quality at their residence?,a man who lives next to a landfill,a man who lives in a city with the best air quality,none of these,a man who lives in a great suburb,,,,,,,A,,False,generate,,137,1,,34.442436997778714,,,
SPLIT_0_OF_1,186,What is a stopwatch used for?,to rewind 5 minutes,to tell what will happen 5 minutes from now,to voice the time,to measure minutes and hours,,,,,,,D,,False,generate,,123,1,,34.416548965964466,,,
SPLIT_0_OF_1,187,As a drought worsens the level at an aquifer will,stay the same,fluctuate wildly,decrease,increase,,,,,,,C,,False,generate,,113,1,,34.21202604658902,,,
SPLIT_0_OF_1,188,Wind frequently helps transport from one place to another,marble statues,molten magma,subterranean termites,exposed topsoil,,,,,,,D,,False,generate,,116,1,,34.34117801953107,,,
SPLIT_0_OF_1,189,When a kid slams on the brakes on their bike what is caused?,bike helmet,avoiding accidents,friction,gearing,,,,,,,C,,False,generate,,113,1,,34.18756800238043,,,
SPLIT_0_OF_1,190,Sources of spices have,crystals,feathers,cell walls,craters,,,,,,,C,,False,generate,,103,1,,34.45284202462062,,,
SPLIT_0_OF_1,191,Conservation,leads to longer drought of resources,leads to longer availability of resources,leads to more consumption,leads to short supply of resources,,,,,,,B,,False,generate,,117,1,,35.50104598980397,,,
SPLIT_0_OF_1,192,A tree is not the habitat of a,squirrel,woodpecker,monkey,lion,,,,,,,D,,False,generate,,107,1,,34.3843029695563,,,
SPLIT_0_OF_1,193,Erosion could lead to,a change in the direction of a stream,a change in ocean temperatures,an increase in rainy weather,an increase in plants and animals,,,,,,,A,,False,generate,,123,1,,34.25423800945282,,,
SPLIT_0_OF_1,194,A hemisphere experiences summer when,it's tilted towards Jupiter,it's angled towards the moon,it's angled towards the largest star in the solar system,it spins counter clockwise on Earth's axis,,,,,,,C,,False,generate,,128,1,,34.40319304354489,,,
SPLIT_0_OF_1,195,What date is the amount of daylight minimized,Jul 4th,Feb 29th,May 3rd,Sep 1st,,,,,,,B,,False,generate,,118,1,,34.23453198047355,,,
SPLIT_0_OF_1,196,Which term is involved with protection by skin?,Eucerin pH5 range,Sagittal plane,pyogenic vibrio,popliteus,,,,,,,A,,False,generate,,117,1,,34.4251329661347,,,
SPLIT_0_OF_1,197,The reason Earth is so sturdy is because,It is made from rock,It eats three meals a day,It has a loving family,It is made from metal,,,,,,,A,,False,generate,,122,1,,34.49912799987942,,,
SPLIT_0_OF_1,198,A plant left in the dark,produces fruit,grows faster,fails to grow,gets greener,,,,,,,C,,False,generate,,109,1,,34.32654001517221,,,
SPLIT_0_OF_1,199,"A boy wants to use his Walkman so that he can listen to some music. When he tries to turn it on, it us unable to, and the boy realizes that he will need",heat,metal,lithium-ion,plastic,,,,,,,C,,False,generate,,136,1,,35.059106012340635,,,
SPLIT_0_OF_1,200,Nuclear activity is the cause of what celestial occurrence?,axial planetary rotation,comets,planetary formation,the sun's rays,,,,,,,D,,False,generate,,114,1,,34.28173897555098,,,
SPLIT_0_OF_1,201,Which source provides the safest water?,River,Sea,Ocean,Rain,,,,,,,D,,False,generate,,103,1,,34.430222993250936,,,
SPLIT_0_OF_1,202,"A rabbit has a litter of bunnies! Most of the babies are white, just like the mother rabbit, but one baby has brown spots, like the father rabbit. The father rabbit",spread out some fur,has black on his ears,passed down inherited characteristics,is the same size as the mother,,,,,,,C,,False,generate,,151,1,,35.3538190247491,,,
SPLIT_0_OF_1,203,Photosynthesis means plants are unable to,convert sunlight to sand,provide food sources for others,be producers in an ecosystem,make their own food,,,,,,,A,,False,generate,,118,1,,34.47435097768903,,,
SPLIT_0_OF_1,204,"Through DNA, a rabbit will have long ears if",rabbits are born with ears,there was a lot of food,genetic contributors had long ears,parents were also rabbits,,,,,,,C,,False,generate,,123,1,,34.31569994427264,,,
SPLIT_0_OF_1,205,"There are various creatures that live in forests, such as",giant fish,enormous crabs,whitetails,desert jackals,,,,,,,C,,False,generate,,114,1,,34.463434014469385,,,
SPLIT_0_OF_1,206,An octopus protects itself with,water splashing,running fast,long hands,pigment squirting,,,,,,,D,,False,generate,,109,1,,34.420613024849445,,,
SPLIT_0_OF_1,207,Resources decreasing in an environment,induces organisms to use more of their resources,causes an increase in use of resources,causes an uptick in birthrate,induces organisms to be more economical with resources,,,,,,,D,,False,generate,,128,1,,34.51649099588394,,,
SPLIT_0_OF_1,208,The sidewalk next to a house having a crack in it and having vegetation growing from it is considered?,insects,weathering,lava,erosion,,,,,,,B,,False,generate,,117,1,,34.433155960869044,,,
SPLIT_0_OF_1,209,"If you wanted to make a necklace, how long would you have to wait for the materials to appear inside the Earth?",millions of years,1 day,10 days,100 days,,,,,,,A,,False,generate,,131,1,,34.881661005783826,,,
SPLIT_0_OF_1,210,Moon phases,change the moon into cheese,alter the way the moon's facade looks,change moon lakes into vapor,cause lunar eclipse every day,,,,,,,B,,False,generate,,118,1,,34.3569969991222,,,
SPLIT_0_OF_1,211,"If hot water were poured on an arm, what would happen to internal organs?",they would be scalded,organs would remain uneffected,they would begin to decay,they would experience pain,,,,,,,B,,False,generate,,129,1,,35.05596402101219,,,
SPLIT_0_OF_1,212,Barnyard bovines,eat organic chicken,eat eggs,eat beef,eat alfalfa hay,,,,,,,D,,False,generate,,110,1,,34.46951799560338,,,
SPLIT_0_OF_1,213,Desert environments features,tropical plants,tons of sun,massive rain totals,icy precipitation,,,,,,,B,,False,generate,,107,1,,34.82340998016298,,,
SPLIT_0_OF_1,214,"a large cluster of humans, dogs, apple trees, atmosphere and more can be called",army of ants,a community,a toy store,a shopping mall,,,,,,,B,,False,generate,,121,1,,34.59047700744122,,,
SPLIT_0_OF_1,215,"A person is considering various organs, and is looking at which ones will be most muscular. A contender for most muscular is",the lungs,the kidney,the heart,the liver,,,,,,,C,,False,generate,,125,1,,34.5068599563092,,,
SPLIT_0_OF_1,216,Which pair don't reproduce the same way?,rabbit and hare,mule and hinny,cat and catfish,caterpillar and butterfly,,,,,,,C,,False,generate,,117,1,,34.97731400420889,,,
SPLIT_0_OF_1,217,Which of the following is warm blooded?,toad,snake,turtle,skunk,,,,,,,D,,False,generate,,107,1,,34.75727199111134,,,
SPLIT_0_OF_1,218,"A male bird spots a female of his species and begins a fancy dance, flashing his bright feathers around in the air, showing off. This male is attempting to procure",a manager,an agent,a meal,a reproductive companion,,,,,,,D,,False,generate,,135,1,,35.19736701855436,,,
SPLIT_0_OF_1,219,Vast quantities of metal can be obtained from,a quarry,concerts,forests,salt,,,,,,,A,,False,generate,,107,1,,34.619545040186495,,,
SPLIT_0_OF_1,220,Roasting a turkey requires adding what type of energy,Heat,Kinetic,Magnetic,Chemical,,,,,,,A,,False,generate,,108,1,,34.708812017925084,,,
SPLIT_0_OF_1,221,Dry environments often,liberally use water for everything,allow plants to flourish,require people to move,institute rules about water usage,,,,,,,D,,False,generate,,115,1,,34.64440698735416,,,
SPLIT_0_OF_1,222,Phloem moves things around a plant similar to how,blood moves in a body,leaves move in the wind,water moves in a system,cars move on a street,,,,,,,A,,False,generate,,124,1,,34.90051900735125,,,
SPLIT_0_OF_1,223,Where would a polar bear be most comfortable?,Arizona,Georgia,Florida,Nebraska,,,,,,,D,,False,generate,,105,1,,34.77767697768286,,,
SPLIT_0_OF_1,224,"When a plane is in the sky and is several miles away, the light seen is barely visible, but when it is drawing near",light is far away,light is more easily seen,light is more distant,light is further away,,,,,,,B,,False,generate,,136,1,,35.104221024084836,,,
SPLIT_0_OF_1,225,Members of rock bands often perform with,flutes,sandals,earplugs,gloves,,,,,,,C,,False,generate,,107,1,,34.70599598949775,,,
SPLIT_0_OF_1,226,Muscles move bones to produce movement like when,arms are resting,hair is growing,smiles are invisible,toes are wiggled,,,,,,,D,,False,generate,,116,1,,34.620384976733476,,,
SPLIT_0_OF_1,227,How is electricity produced from the ocean?,decaying organic material from sealife,energy is accessed underwater from tides,drills to access oil supplies,chemical reactions produced from the salt in the water,,,,,,,B,,False,generate,,128,1,,34.79366400279105,,,
SPLIT_0_OF_1,228,small reptile's diet consists mostly of,invertebrates,insects,mammals,fish,,,,,,,B,,False,generate,,107,1,,34.593755030073225,,,
SPLIT_0_OF_1,229,The life work of a flower is to,provide nice scents,be successfully fertilized,grow very tall,look pretty,,,,,,,B,,False,generate,,114,1,,34.65809498447925,,,
SPLIT_0_OF_1,230,Which of these would create the most sound if struck with a metal spoon?,the plastic water bottle,the backside of a person,the hair on a doll,the chassis of a car,,,,,,,D,,False,generate,,127,1,,34.59441696759313,,,
SPLIT_0_OF_1,231,During landslides there is often a lot of,air,mud,snow,wind,,,,,,,B,,False,generate,,107,1,,34.65129301184788,,,
SPLIT_0_OF_1,232,An example of a chemical reaction would be,A rusty fence,Sleeping,Drinking water,Rain,,,,,,,A,,False,generate,,108,1,,34.493465966079384,,,
SPLIT_0_OF_1,233,The size of an object and the ability to see it more easily have what kind of relationship?,equal,inverse,direct,reverse,,,,,,,C,,False,generate,,115,1,,34.45121500408277,,,
SPLIT_0_OF_1,234,Tuna primarily eat,"parasites, soybeans and flaxseeds","sea turtles, sharks and coral reefs","spineless marine organisms, cartilaginous and gelatinous organisms","sea vegetables like kelp, Irish moss and Arame",,,,,,,C,,False,generate,,138,1,,35.82875902066007,,,
SPLIT_0_OF_1,235,Evaporation of water can lead to,waterfalls,blizzards,earthquakes,hot springs,,,,,,,B,,False,generate,,108,1,,34.67534697847441,,,
SPLIT_0_OF_1,236,What is an electrical energy conductor?,horseshoe,tire,cotton shirt,maple branch,,,,,,,A,,False,generate,,107,1,,34.68927199719474,,,
SPLIT_0_OF_1,237,What kind of substance will cool when it touches a cold object?,warm,frozen,chilly,cold,,,,,,,A,,False,generate,,109,1,,34.69115198822692,,,
SPLIT_0_OF_1,238,Scraping an object,may cause the object to grow in size,may cause the object to fall,may cause pieces to flake off the object,may cause the object to snap in half,,,,,,,C,,False,generate,,129,1,,35.12464300729334,,,
SPLIT_0_OF_1,239,A pulley is used to lift a flag on a flagpole by,moving a rope sideways,putting something in the air,moving things with wheels,yanking string up a wheel,,,,,,,D,,False,generate,,126,1,,34.93239003000781,,,
SPLIT_0_OF_1,240,Which animal lays eggs,emus,dogs,squirrels,giraffes,,,,,,,A,,False,generate,,105,1,,34.95805198326707,,,
SPLIT_0_OF_1,241,Dunes can be made out of the same thing as,clothes,food,forests,castles,,,,,,,D,,False,generate,,109,1,,34.8297479795292,,,
SPLIT_0_OF_1,242,A learned behavior is exhibited when,squinting in bright light,inhaling and exhaling during sleep,blinking and gulping air,nailing up a picture frame,,,,,,,D,,False,generate,,123,1,,34.75255204830319,,,
SPLIT_0_OF_1,243,Wax can be used similarly to,wood,rubber,water,metal,,,,,,,B,,False,generate,,104,1,,34.689658030401915,,,
SPLIT_0_OF_1,244,Bill planted rapeseed in his field one year and soybeans the next in order to,get bigger yields,make things boring,keep things random,get smaller yields,,,,,,,A,,False,generate,,123,1,,34.54143402632326,,,
SPLIT_0_OF_1,245,What is the primary reason my duck feather filled jacket works well against the snow,feathers slows heat transfer,the natural duck wax,a synthetic thick liner,small flexible solar panels,,,,,,,A,,False,generate,,124,1,,35.00629297923297,,,
SPLIT_0_OF_1,246,Turbines churning seawater can be used to produce what?,a charge for appliances,large quantities of soup,large schools of fish,creating some sharp cheese,,,,,,,A,,False,generate,,122,1,,34.98134098481387,,,
SPLIT_0_OF_1,247,What will increase when a substance absorbs solar energy?,weight,height,hotness,nutrition,,,,,,,C,,False,generate,,107,1,,34.669219981878996,,,
SPLIT_0_OF_1,248,Which of these travels through the air?,planets,thoughts,automobile,music,,,,,,,D,,False,generate,,104,1,,34.71168002579361,,,
SPLIT_0_OF_1,249,"A company makes notebooks for college courses, so their main material is",chips,water,grass,trees,,,,,,,D,,False,generate,,110,1,,34.80865102028474,,,
SPLIT_0_OF_1,250,Rain is usually guaranteed when all are present but,cirrus clouds,cumulus clouds,hail stones,direct sunshine,,,,,,,D,,False,generate,,112,1,,35.00593896023929,,,
SPLIT_0_OF_1,251,Sources of air pollution are,Walking,Landfills,Water,Chips,,,,,,,B,,False,generate,,103,1,,34.76231702370569,,,
SPLIT_0_OF_1,252,What are iron nails made out of?,wood,plastic,metal,glass,,,,,,,C,,False,generate,,104,1,,34.704550984315574,,,
SPLIT_0_OF_1,253,Putting one kind of soda into the same cup as another kind of soda is doing what to the substances?,combining,drinking,Subtracting,throwing,,,,,,,A,,False,generate,,118,1,,34.678473020903766,,,
SPLIT_0_OF_1,254,A moth leaving it's cocoon is the final step in a,life cycle,transformation,recycling process,chemical reaction,,,,,,,B,,False,generate,,113,1,,34.62541202316061,,,
SPLIT_0_OF_1,255,Which of these combinations would be desired if someone wanted to make a cutting implement that lasts a long time?,ice and snow,sticks and stones,snow and water,iron and carbon,,,,,,,D,,False,generate,,125,1,,34.90813198732212,,,
SPLIT_0_OF_1,256,Which of the following is powered the same way an electric car is?,a bicycle,a motorcycle,a propane grill,a blender,,,,,,,D,,False,generate,,115,1,,34.61489104665816,,,
SPLIT_0_OF_1,257,Aluminum is what?,reprocessable,plastic,liquid,absorbent,,,,,,,A,,False,generate,,103,1,,34.77739996742457,,,
SPLIT_0_OF_1,258,To get warm frogs can,wear a Christmas sweater,Drink a hot chocolate,Go for a run,sit under a lamp,,,,,,,D,,False,generate,,114,1,,34.739178023301065,,,
SPLIT_0_OF_1,259,"if you put wine from a jug into a thin bottle, how come it conforms?",it exhibits absolute rigidity,it is a solid mass,all of these,it is a variable substance,,,,,,,D,,False,generate,,127,1,,34.72192399203777,,,
SPLIT_0_OF_1,260,Earthworms create tunnels in,ice,dirt,water,concrete,,,,,,,B,,False,generate,,103,1,,34.71848799381405,,,
SPLIT_0_OF_1,261,when worms return nutrients from dead organisms to the soil by eating them it is known as,regurgitation,decomposition,recycling,burial,,,,,,,B,,False,generate,,116,1,,34.874404955189675,,,
SPLIT_0_OF_1,262,The aluminum cans were much hotter than the,gold jewelry,wooden fence,brass doorknob,steel pole,,,,,,,B,,False,generate,,111,1,,34.75513303419575,,,
SPLIT_0_OF_1,263,Which of the following is not an input in photosynthesis?,sunlight,oxygen,water,carbon dioxide,,,,,,,B,,False,generate,,109,1,,34.73365999525413,,,
SPLIT_0_OF_1,264,which of these are you most likely to find in a desert?,a hammer head shark,a big tilapia fish,a prickly horned male lizard,none of these,,,,,,,C,,False,generate,,124,1,,34.884869994129986,,,
SPLIT_0_OF_1,265,"If your dog sits in an oxygen deficient chamber, what happens?",it will be fine,it will be happy,it will be comfortable,It will pass out,,,,,,,D,,False,generate,,121,1,,34.877901955042034,,,
SPLIT_0_OF_1,266,Which of the following can be used to turn on an electrical device?,solar-rechargeable battery,a wedge,a magnet,pressure gauge,,,,,,,A,,False,generate,,117,1,,34.851719974540174,,,
SPLIT_0_OF_1,267,Which of the following contains large amounts of salt water?,The Amazon,The Nile,The Indian,The Mississippi,,,,,,,C,,False,generate,,111,1,,34.64430203894153,,,
SPLIT_0_OF_1,268,The nimbleness of this animal is a key adaption that allows it to escape attacks from predators:,the butterfly,the sloth,the praying mantis,the antelope,,,,,,,D,,False,generate,,125,1,,34.77324399864301,,,
SPLIT_0_OF_1,269,A person speaks English as her first language because,media is mainly in English,school is in English,she was genetically predisposed,she watched her parents speak,,,,,,,D,,False,generate,,121,1,,34.651070018298924,,,
SPLIT_0_OF_1,270,what are eaten by honey producing insects?,they consume plants,they eat cows,plant reproduction parts,they eat flowers,,,,,,,C,,False,generate,,112,1,,34.92130397353321,,,
SPLIT_0_OF_1,271,The Earth's closest heat source is,our celestial fireball,solar flares,gamma rays,big bang,,,,,,,A,,False,generate,,111,1,,34.62628397392109,,,
SPLIT_0_OF_1,272,How can we see how wind effects sand?,sand is always moving,sandstorms create ripples in sand,sand is easy to move through,beaches often have waves in the sand,,,,,,,B,,False,generate,,125,1,,34.65894900728017,,,
SPLIT_0_OF_1,273,Fruit comes from what source,an organism that releases carbon dioxide,an organism that absorbs water through it's branches,an organism that absorbs oxygen,an organism that absorbs water through it's roots,,,,,,,D,,False,generate,,128,1,,34.748857957310975,,,
SPLIT_0_OF_1,274,In which location would a groundhog hide from a wolf?,beside a tree,in the grass,on a stump,under the ground,,,,,,,D,,False,generate,,116,1,,34.5822119852528,,,
SPLIT_0_OF_1,275,Cutting down trees in a forest,leads to more habitats for animals,decreases the chance of erosion,increases the number of trees in the forest,leads to less habitats for animals,,,,,,,D,,False,generate,,125,1,,34.640954982023686,,,
SPLIT_0_OF_1,276,"I chipped away at a toy doll and the surface became really rough, when I rub it against a piece of wood that will create an increase in",animals,resistance,water,sunshine,,,,,,,B,,False,generate,,127,1,,34.62066000793129,,,
SPLIT_0_OF_1,277,The arctic is white in coloring,because it's overpopulated with polar bears,because it's covered in white lilies,because it's blanketed in crystalline ice water,because it's gets so little sunlight,,,,,,,C,,False,generate,,134,1,,35.053877043537796,,,
SPLIT_0_OF_1,278,What would help to ensure that your dog remains free from hypothermia in January in Alaska?,Lots of meat,Lots of love,Vitamin supplements,An insulated room,,,,,,,D,,False,generate,,122,1,,34.886601963080466,,,
SPLIT_0_OF_1,279,The majority of a lizard's diet consists of,fleas,crawlies,gummy worms,berries,,,,,,,B,,False,generate,,110,1,,34.54483300447464,,,
SPLIT_0_OF_1,280,What food production happens in a leaf?,nutrient making process,the breathing,the respiration,the digestion,,,,,,,A,,False,generate,,110,1,,34.57574197091162,,,
SPLIT_0_OF_1,281,Plants are unable to grow if they have zero access to,a nice cool breeze,fresh soil with manure,a regular source of saltwater,needs required for creating chlorophyll,,,,,,,D,,False,generate,,127,1,,34.73888000007719,,,
SPLIT_0_OF_1,282,Which characteristic did a person inherit?,length of hair,number of friends,number of nails,length of shirt,,,,,,,C,,False,generate,,111,1,,34.76356697501615,,,
SPLIT_0_OF_1,283,Selective deforestation has a negative impact on,rain clouds and ozone layer,"lakes, ponds and shellfish",greenhouse gases and algae,living organisms in ecosystem,,,,,,,D,,False,generate,,120,1,,34.640078025404364,,,
SPLIT_0_OF_1,284,Where would you find a mine?,in a tree,under a mountain,in the air,in the water,,,,,,,B,,False,generate,,111,1,,34.53880100278184,,,
SPLIT_0_OF_1,285,What can cause people to crash their car?,Seeing a solar eclipse,Using their turn signals,Driving the speed limit,Keeping their eyes on the road,,,,,,,A,,False,generate,,119,16, inconunct word inconunct word inconunct inconunct inconunct inconunct inconunct,166.6729690041393,,,
SPLIT_0_OF_1,286,Coral grows in,frigid waters,tepid seas,glacial environments,jungle forests,,,,,,,B,,False,generate,,108,1,,34.84819398727268,,,
SPLIT_0_OF_1,287,"A Punnett square is used to identify the percent chance of a trait being passed down from a parent to its offspring, so",certain things may be featured,certain features may be predicted,certain traits may be given,certain features may be guaranteed,,,,,,,B,,False,generate,,138,1,,34.49992596870288,,,
SPLIT_0_OF_1,288,"A deer is eating in a field, and wants more food. Regardless of how hard the deer tries, the deer is unable to produce",longer antlers,food for itself,baby deer,urine,,,,,,,B,,False,generate,,129,1,,35.10290803387761,,,
SPLIT_0_OF_1,289,Building new areas to dispose of refuse may lead to,community concerns over environmental impact,better air and soil quality,higher value on land parcels,improvement in water supply,,,,,,,A,,False,generate,,122,1,,34.77995202410966,,,
SPLIT_0_OF_1,290,Evaporation,causes puddles to become dried out mud,causes fields of crops to grow faster,causes flowers to bloom abundantly,fills up irrigation ponds,,,,,,,A,,False,generate,,120,1,,34.68863799935207,,,
SPLIT_0_OF_1,291,"A field begins to bloom and blossom and plants need to be pollinated. In order to spread seeds, plants will most rely on",pythons,salmon,robins,craters,,,,,,,C,,False,generate,,127,1,,34.60320900194347,,,
SPLIT_0_OF_1,292,Which item urinates?,airplane,car,mammal,boat,,,,,,,C,,False,generate,,103,1,,34.839653002563864,,,
SPLIT_0_OF_1,293,All of the following are examples of evaporation apart from,Warm breath fogging up a mirror,Morning dew drying on the grass,The water level in a glass decreasing,Sweat drying on skin,,,,,,,A,,False,generate,,128,1,,34.718587005045265,,,
SPLIT_0_OF_1,294,The lunar cycle also changes,water,colors,the sun,planets,,,,,,,A,,False,generate,,103,1,,34.735255991108716,,,
SPLIT_0_OF_1,295,An organism that makes food for itself,is nutritionally self sustaining,will die faster than other organisms,will need help sustaining strength,is reliant on other organisms for assistance,,,,,,,A,,False,generate,,123,1,,34.613349998835474,,,
SPLIT_0_OF_1,296,What does the respiratory system transfer to the circulatory system?,food,water,nutrients,O,,,,,,,D,,False,generate,,108,1,,34.57102400716394,,,
SPLIT_0_OF_1,297,"In a closed circuit, electricity will",burn out,charge itself,loop endlessly,resist flow,,,,,,,C,,False,generate,,108,1,,34.72755698021501,,,
SPLIT_0_OF_1,298,A Punnett square can be used to calculate the chance of a trait being passed to someone's,mother,grandfather,daughter,father,,,,,,,C,,False,generate,,116,1,,34.70652498072013,,,
SPLIT_0_OF_1,299,They looked where the log decayed to garden as it would leave the earth,richer,dryer,sandy,harder,,,,,,,A,,False,generate,,112,1,,34.85503001138568,,,
SPLIT_0_OF_1,300,what kind of temperature causes fur shedding?,in freezing cold,a high temperature,in any temperature,a low temperature,,,,,,,B,,False,generate,,112,1,,34.77766300784424,,,
SPLIT_0_OF_1,301,exposure to fire could result in,wet items,cold items,none of these,combusted items,,,,,,,D,,False,generate,,110,1,,34.72227702150121,,,
SPLIT_0_OF_1,302,What is an example of clear weather meaning sunny weather?,more stars are visible on clear nights,cloud cover protects from sunburn,clear days will be warmer,fewer clouds allow for more sunlight,,,,,,,D,,False,generate,,127,1,,34.49615294812247,,,
SPLIT_0_OF_1,303,The special tissues in plants that transport minerals throughout the plant are similar to,a wick,a funnel,a knife,a whisk,,,,,,,A,,False,generate,,116,1,,34.8698630114086,,,
SPLIT_0_OF_1,304,a compass is a kind of tool for determining direction by pointing,to western Canada shoreline,to the lower pole,to the upper pole,directly to the equator,,,,,,,C,,False,generate,,122,1,,34.76770897395909,,,
SPLIT_0_OF_1,305,Which of these saws will last longer?,iron saw,aluminium saw,plastic saw,wooden saw,,,,,,,A,,False,generate,,109,1,,34.619871992617846,,,
SPLIT_0_OF_1,306,"although there are many stars visible in the night sky, which is most visible in the day?",the single moon close to us,the orion star cluster,the sun that shines all day,all of these,,,,,,,C,,False,generate,,131,1,,35.06712196394801,,,
SPLIT_0_OF_1,307,The moon is known for having what feature?,frozen streams of water,large bowl shaped cavities,caves formed by solar winds,groups of large trees,,,,,,,B,,False,generate,,119,1,,34.66052300063893,,,
SPLIT_0_OF_1,308,Cellular respiration's trash is,a bug's treasure,a cow's treasure,a plant's treasure,everyone's trash,,,,,,,C,,False,generate,,115,1,,34.50735495425761,,,
SPLIT_0_OF_1,309,Which of the following human activities can lead to a change in the local ecosystem?,swimming in a lake,building a new subdivision,dancing in a field,going for a hike,,,,,,,B,,False,generate,,124,1,,34.951820969581604,,,
SPLIT_0_OF_1,310,A bird that takes off flying is,using heat to produce motion,using calories to produce motion,using wings to produce heat,using calories to produce energy,,,,,,,B,,False,generate,,120,1,,34.628814028110355,,,
SPLIT_0_OF_1,311,The leading cause of soil and rock erosion is,H2O,CO2,NaCl,Fe,,,,,,,A,,False,generate,,110,1,,34.59504805505276,,,
SPLIT_0_OF_1,312,Which of these foods might have a negative impact on humans?,Organic corn,Conventional corn,Organic potato,Organic Apples,,,,,,,B,,False,generate,,114,1,,34.62335799122229,,,
SPLIT_0_OF_1,313,What kind of implement is a compass?,to test heat,for wind speed,it measures distance,it shows direction,,,,,,,D,,False,generate,,112,1,,34.96555000310764,,,
SPLIT_0_OF_1,314,Nectar is taken to,flowers,a hive,a stream,a nest,,,,,,,B,,False,generate,,105,1,,34.907120978459716,,,
SPLIT_0_OF_1,315,what is the closest source of plasma to our planet?,all of these,the cloud in the sky,the nearest star sulfur burning heavenly body,the bare moon surface,,,,,,,C,,False,generate,,122,1,,34.785158990416676,,,
SPLIT_0_OF_1,316,"A sailor needs to navigate to the shore, and does this by",closing the sails quickly,setting out to sea,making an adjustment to the rudder,taking the afternoon off,,,,,,,C,,False,generate,,125,1,,34.787522978149354,,,
SPLIT_0_OF_1,317,A bat starts its life similarly to a,chicken,pig,butterfly,duck,,,,,,,B,,False,generate,,105,1,,34.75465497467667,,,
SPLIT_0_OF_1,318,"In order to catch a rabbit, a predator must be",big,quick,slow,small,,,,,,,B,,False,generate,,108,1,,34.60987703874707,,,
SPLIT_0_OF_1,319,"If a bird is a carnivore, then it is likely a(n)",prey,predator,herbivore,canary,,,,,,,B,,False,generate,,114,1,,34.615141979884356,,,
SPLIT_0_OF_1,320,A warm-weather organism can be found in,the Sahara,the mountains,the ocean,the sewers,,,,,,,A,,False,generate,,111,1,,35.07036395603791,,,
SPLIT_0_OF_1,321,"When approaching an elephant from a great distance,",it stays large,it grows larger,it gets bigger,it looks bigger,,,,,,,D,,False,generate,,113,1,,34.78694398654625,,,
SPLIT_0_OF_1,322,What would cause a human to grow?,light waves,eating wheat,photosynthesis,marching,,,,,,,B,,False,generate,,107,1,,34.77471700171009,,,
SPLIT_0_OF_1,323,A saguaro has adaptations for an environment with,lots of snow,many people,less water,more water,,,,,,,C,,False,generate,,112,1,,35.03131400793791,,,
SPLIT_0_OF_1,324,There are less hummingbirds by this house than before because of,a feeder at this house,the birds no longer like feeders,the size of the feeder,a feeder at another house,,,,,,,D,,False,generate,,127,1,,34.70820403890684,,,
SPLIT_0_OF_1,325,the  oceans are full of,water lilies,guppies,sea life,fresh water,,,,,,,C,,False,generate,,108,1,,34.7417609882541,,,
SPLIT_0_OF_1,326,A light was off because the cord was,sitting on the table,attached to the wall,attached to an extension cord,attached to a battery pack,,,,,,,A,,False,generate,,119,1,,34.74449005443603,,,
SPLIT_0_OF_1,327,"In the hottest months in the hottest desert, creatures such as birds may find water to drink",in sticks,in pebbles,in sand,in spiked plants,,,,,,,D,,False,generate,,122,1,,34.87392101669684,,,
SPLIT_0_OF_1,328,Why might a polar bear grow white hair?,look fancy,random,blend in,stand out,,,,,,,C,,False,generate,,108,1,,34.62539799511433,,,
SPLIT_0_OF_1,329,Xylem,discourages pests from landing on leaves,allows plants to move carbon dioxide from root to stems,carries seedlings from roots to leaves,allows plants to move rain thru their systems,,,,,,,D,,False,generate,,128,1,,34.83848297037184,,,
SPLIT_0_OF_1,330,A food that is a source of heat is,ramen,salad,ice cream,sushi,,,,,,,A,,False,generate,,108,1,,34.66130298329517,,,
SPLIT_0_OF_1,331,When heat is added to something,contaminates may be destroyed,bacterial can grow more rapidly,viruses may be picked up,the thing loses energy,,,,,,,A,,False,generate,,118,1,,34.815312013961375,,,
SPLIT_0_OF_1,332,The heart is an example of,a part of the nervous system,an organ that filters toxins,a self-healing protector from germs,something protected by the skeletal system,,,,,,,D,,False,generate,,124,1,,35.01411800971255,,,
SPLIT_0_OF_1,333,Prey are eaten by,an animal herded by sheep dogs,the animal with a starring role in Bambi,animals known for their memory,the fastest mammal with four legs,,,,,,,D,,False,generate,,126,1,,34.796257968991995,,,
SPLIT_0_OF_1,334,A dog is warm-blooded just like,a snake,a cardinal,a spider,a scorpion,,,,,,,B,,False,generate,,110,1,,34.72406405489892,,,
SPLIT_0_OF_1,335,A flashlight will need this in order to radiate photons:,radiation,acoustic energy,vibrations,electron flow,,,,,,,D,,False,generate,,110,1,,34.81889300746843,,,
SPLIT_0_OF_1,336,to find out how fast you are going you first need to know,where you're going,distance traveled,distance to travel,home location,,,,,,,B,,False,generate,,117,1,,34.643160994164646,,,
SPLIT_0_OF_1,337,"A small lamb, two days old, is walking with its mother. The mother feels ill, so refuses food, which dries up her milk production. The lack of lactation causes the lamb to",weaken,strengthen,coexist,thrive,,,,,,,A,,False,generate,,138,1,,34.63318099966273,,,
SPLIT_0_OF_1,338,"When trying to find fresh clams for dinner, a hungry person would don",a dinner jacket,a diving suit,a warm coat,a dress suit,,,,,,,B,,False,generate,,120,1,,34.71868595806882,,,
SPLIT_0_OF_1,339,How do polar bears survive the cold?,B and D,Double Fur Coats,Cold blooded,Compact ears,,,,,,,A,,False,generate,,112,1,,34.98200495960191,,,
SPLIT_0_OF_1,340,A solid is likely to form in extreme,floods,wind,chill,rain,,,,,,,C,,False,generate,,105,1,,34.8365199752152,,,
SPLIT_0_OF_1,341,What are the feet of Dendrocygna autumnalis designed for?,catching prey,aquatic speed,flying,walking,,,,,,,B,,False,generate,,114,1,,34.9466209881939,,,
SPLIT_0_OF_1,342,What is an example of fire giving off light?,an oven is preheated and the pilot light is lit,a match is lit to light a cigarette,a lit candle in a window signalling to someone,a fire that was put out to send smoke signals,,,,,,,C,,False,generate,,141,1,,35.7082299888134,,,
SPLIT_0_OF_1,343,The respiratory system works by,directing oxygen from lungs to other organs,pushing air through lungs,moving air in a room,making air quality better,,,,,,,A,,False,generate,,118,1,,34.837359038647264,,,
SPLIT_0_OF_1,344,Animals have more fat,in the ocean,in human homes,in landfills,in polar areas,,,,,,,D,,False,generate,,110,1,,34.69053498702124,,,
SPLIT_0_OF_1,345,A stick bug uses what to protect itself from predators?,poison,its appearance,speed,hearing,,,,,,,B,,False,generate,,108,1,,34.733998007141054,,,
SPLIT_0_OF_1,346,Corn is sometimes used to make,a simple alcohol,water,glass,milk,,,,,,,A,,False,generate,,105,1,,34.83166795922443,,,
SPLIT_0_OF_1,347,The inside of the Thanksgiving turkey is white instead of pink because of,heat energy,light energy,color energy,color transfusion,,,,,,,A,,False,generate,,115,1,,34.594559983816,,,
SPLIT_0_OF_1,348,Little puppies are a result of:,reproduction ?,pet store sale,a begging child,evolution,,,,,,,A,,False,generate,,107,1,,34.90108298137784,,,
SPLIT_0_OF_1,349,What would a Jersey most likely be fed?,hamburger,moles,alfalfa,cow,,,,,,,C,,False,generate,,107,1,,34.93518603499979,,,
SPLIT_0_OF_1,350,Which of these energy sources generates the least amount of pollution?,coal,windmill,lithium batteries,gasoline,,,,,,,B,,False,generate,,110,1,,34.667321015149355,,,
SPLIT_0_OF_1,351,Grass snakes live in what?,trees,mountains,lakes,turf,,,,,,,D,,False,generate,,103,1,,34.92891398491338,,,
SPLIT_0_OF_1,352,Cephalopod ink is by octopuses to,mate,feed,hide,play,,,,,,,C,,False,generate,,109,1,,34.69905798556283,,,
SPLIT_0_OF_1,353,Tapping a drumstick to a drum will,reverberate when touched together,vibrate when next to each other,shake around when near,put each other down,,,,,,,A,,False,generate,,123,1,,34.64840503875166,,,
SPLIT_0_OF_1,354,Snow is more likely to fall two months before,June,March,September,December,,,,,,,B,,False,generate,,106,1,,35.24811699753627,,,
SPLIT_0_OF_1,355,If I want to avoid being dinner for some type of frog what should I reincarnate as?,Scorpion,House Fly,Cricket,Moth,,,,,,,A,,False,generate,,119,1,,34.65874103130773,,,
SPLIT_0_OF_1,356,Dead plants are easier to find in,January,July,May,September,,,,,,,A,,False,generate,,104,1,,34.75858399178833,,,
SPLIT_0_OF_1,357,The harder a child pushes a toy car,decreases the distance it will travel,the further it will roll across the floor,the quicker the child will want to play with another toy,determines how long the child with play with it,,,,,,,B,,False,generate,,135,1,,35.11968400562182,,,
SPLIT_0_OF_1,358,Fossil fuels,come from old age,come from expired life,take two years to create,are created in a year,,,,,,,B,,False,generate,,114,1,,34.68745696591213,,,
SPLIT_0_OF_1,359,"A star, burning far, far away, has enormous pressure and temperature. This allows for",a room to have overhead lights,night on Earth to be dimly lit,plastic stars to decorate a ceiling,a person to be the star of a show,,,,,,,B,,False,generate,,140,1,,34.544235037174076,,,
SPLIT_0_OF_1,360,Erosion is caused by different kinds of,soil,fish,rocks,weather,,,,,,,D,,False,generate,,106,1,,34.96625798288733,,,
SPLIT_0_OF_1,361,Respiration is a,happens for some species,happens for only land dwelling mammals,occurs for only sea creatures,commonality among all animals,,,,,,,D,,False,generate,,117,1,,34.81225500581786,,,
SPLIT_0_OF_1,362,"In order for your computer to operate, it must have an electrical path that is what?",magical,closed,broken,open,,,,,,,B,,False,generate,,114,1,,34.677605028264225,,,
SPLIT_0_OF_1,363,Polar bears live in,frosty environments,tepid environments,warm environments,tropical environments,,,,,,,A,,False,generate,,108,1,,34.5924100256525,,,
SPLIT_0_OF_1,364,What would be more likely to attract a magnet?,a plastic zipper,flowing water,a car engine,A wooden desk,,,,,,,C,,False,generate,,113,1,,34.59227300481871,,,
SPLIT_0_OF_1,365,What constitutes a frog's diet?,it eats all plants,it will eat dogs,it only eats burgers,it chomps on insects,,,,,,,D,,False,generate,,117,1,,34.828022005967796,,,
SPLIT_0_OF_1,366,What is an example of the digestive system digesting food for the body?,a man eating nachos then getting food poisoning,a baby drinking formula then needing a diaper change,a cat eating food then throwing it up,a horse licking a salt lick,,,,,,,B,,False,generate,,139,1,,35.406767972745,,,
SPLIT_0_OF_1,367,The body is negatively impacted by,white blood cells,vitamins,rotavirus,nasal decongestants,,,,,,,C,,False,generate,,110,1,,34.74188700783998,,,
SPLIT_0_OF_1,368,"Someone wants their electromagnets to work, but is having difficulty powering them. In order to make them work, they need to",run wire through currants,run a continuous current,run around the wire,currently run wire through,,,,,,,B,,False,generate,,136,1,,35.420410975348204,,,
SPLIT_0_OF_1,369,"if a place has experienced flooding, what could be responsible?",all of these,there has been excess condensed water vapor,the water lacks oxygen,the local deities are angry,,,,,,,B,,False,generate,,124,1,,35.00689205247909,,,
SPLIT_0_OF_1,370,What is an example of reproduction?,farming,egg depositing,flying,walking,,,,,,,B,,False,generate,,105,1,,34.996540984138846,,,
SPLIT_0_OF_1,371,A place that is snowy has a large amount of,wind,storms,frozen water,rain,,,,,,,C,,False,generate,,108,1,,34.778638975694776,,,
SPLIT_0_OF_1,372,An ideal abode for crickets is,a small potted plant in a house,a green and lush tree and plant packed area,a briny and warm body of water,a area surrounded by spider webs,,,,,,,B,,False,generate,,132,1,,35.2815929800272,,,
SPLIT_0_OF_1,373,Carbon steel is always what?,attractive to various objects that contain iron,pleasant with a magnetic personality,made up of iron and pieces of magnets,hard as a magnetizing rod,,,,,,,A,,False,generate,,124,1,,34.90825498010963,,,
SPLIT_0_OF_1,374,"if a bat delivers a live offspring, what does this tell us?",it is a mammal,calling it a bird is wrong,all of these,it is capable of reproducing,,,,,,,C,,False,generate,,126,1,,34.52891099732369,,,
SPLIT_0_OF_1,375,"If you find something smooth and hard on the ground, it is probably made of what?",minerals,mist,clouds,water,,,,,,,A,,False,generate,,114,1,,34.467206976842135,,,
SPLIT_0_OF_1,376,as you get closer to something it begins to,shrinks down to nothing,grow in size visually,show a large shadow,rotate in a clockwise direction,,,,,,,B,,False,generate,,120,1,,34.73931102780625,,,
SPLIT_0_OF_1,377,After a storm,ponds may dry out,flowers will wilt and wither,creek beds may be spilling over,drinking water will be in short supply,,,,,,,C,,False,generate,,120,1,,34.763470001053065,,,
SPLIT_0_OF_1,378,What could I use as biofuel,Gold,Car,Diamonds,Pine Needles,,,,,,,D,,False,generate,,106,1,,34.848237002734095,,,
SPLIT_0_OF_1,379,Which animal is hiding from a predator?,a tadpole losing its tail as it grows,an angler fish using its Esca to lure another fish,an octopus mimicking the color and texture of a rocky outcrop,a great white shark breaching the water's surface,,,,,,,C,,False,generate,,145,1,,34.39513797638938,,,
SPLIT_0_OF_1,380,Which best demonstrates the concept of force causing an increase in speed?,skating on a rough surface,a full bag swung in circles,a computer powering on,a baker stirring batter,,,,,,,B,,False,generate,,124,1,,34.73697399022058,,,
SPLIT_0_OF_1,381,the night sky shows very far away what,clumps of flaming gas,tidal waves washing over beaches,aircraft falling towards collision,party balloons tied to houses,,,,,,,A,,False,generate,,120,1,,34.69468996627256,,,
SPLIT_0_OF_1,382,Which would you likely find inside a beach ball?,cheese,steam,water,air,,,,,,,D,,False,generate,,106,1,,35.22810194408521,,,
SPLIT_0_OF_1,383,Two fridge decorations when touched back to back,shove each other away,are attracted to each other,have very little reaction,are reflective when together,,,,,,,A,,False,generate,,118,1,,34.64439796516672,,,
SPLIT_0_OF_1,384,Runoff happens because of,birds,cattails,people,fish,,,,,,,C,,False,generate,,104,1,,34.62419495917857,,,
SPLIT_0_OF_1,385,Desert environments are generally,sweltering,arctic like,lush,frigid,,,,,,,A,,False,generate,,107,1,,34.64573103701696,,,
SPLIT_0_OF_1,386,Are deserts characterized by high sunshine?,they get low sunlight,deserts get surplus sun,deserts get little sun,deserts are always cloudy,,,,,,,B,,False,generate,,119,1,,34.59913801634684,,,
SPLIT_0_OF_1,387,Water conservation could be a survival tactic in,The Appalachian Mountains,New York City,The Amazon,The Gobi Desert,,,,,,,D,,False,generate,,113,1,,34.622561011929065,,,
SPLIT_0_OF_1,388,Objects used to hold sheets of paper together are often,large,wooden,ferromagnetic,electronic,,,,,,,C,,False,generate,,109,1,,34.59800500422716,,,
SPLIT_0_OF_1,389,"In order for plants and animals to grow, they need to consume food and water for",energy,fun,taste,soil,,,,,,,A,,False,generate,,114,1,,34.80852796928957,,,
SPLIT_0_OF_1,390,A bear cub learns to stay away from unknown bears because,they are much bigger than the cub,the other bears look like its mother,their mother teaches them to keep their distance,the unknown bears look harmless,,,,,,,C,,False,generate,,131,1,,35.13142600422725,,,
SPLIT_0_OF_1,391,a person driving to work in which of these is most likely to lose control?,a dry cobblestone road,a sleet covered highway,a dry paved road,a dry gravel road,,,,,,,B,,False,generate,,127,1,,34.62095698341727,,,
SPLIT_0_OF_1,392,"The only creature with offspring that is hatched, of these, is the",squirrel,swallow,mink,bat,,,,,,,B,,False,generate,,113,1,,34.539207990746945,,,
SPLIT_0_OF_1,393,What element is prevalent in a plateau?,helium,krypton,silicon,neon,,,,,,,C,,False,generate,,105,1,,34.75717699620873,,,
SPLIT_0_OF_1,394,"When a city tears down a park in a city, the park",is removed,is renewed,is retrieved,is restored,,,,,,,A,,False,generate,,114,1,,34.63593201013282,,,
SPLIT_0_OF_1,395,Seeds,are useless shells that need to be discarded,store extra bits of chlorophyll,need to be mashed to grow,aid in feeding what grows from them,,,,,,,D,,False,generate,,123,1,,34.6504999906756,,,
SPLIT_0_OF_1,396,"If a grizzly bear eats a salmon, what is the grizzly bear demonstrating?",consumption,cinematography,direction,production,,,,,,,A,,False,generate,,114,1,,34.70329800620675,,,
SPLIT_0_OF_1,397,The spring season brings,Bees,Snow,More Oxygen,Dust,,,,,,,A,,False,generate,,103,1,,34.7633000346832,,,
SPLIT_0_OF_1,398,"Kinetic energy can be found in objects that move, such as",flower pots on a wagon,cars that are in a lot,kids that are sleeping soundly,skateboards that are ridden all day,,,,,,,D,,False,generate,,130,1,,34.993148990906775,,,
SPLIT_0_OF_1,399,which of these is the quickest to go visiting from our world?,none of these,a trip to mars,a trip to the moon,a trip to the northern star,,,,,,,C,,False,generate,,123,1,,34.596553014125675,,,
SPLIT_0_OF_1,400,Animals died after the removal of a,bush,street,house,city,,,,,,,A,,False,generate,,105,1,,34.733106032945216,,,
SPLIT_0_OF_1,401,"If I want to go running at night, what can I use as a reflector?",A black shirt,Kitchen foil,Sunglasses,A megaphone,,,,,,,B,,False,generate,,121,1,,34.70640396699309,,,
SPLIT_0_OF_1,402,the closest star to our planet delivers solar energy to the planet,maybe,all of these,this is sure,this is uncertain,,,,,,,C,,False,generate,,115,1,,34.35633302433416,,,
SPLIT_0_OF_1,403,Coal-fire power stations heat coal to incredible temps in order to,produce energy,use heat energy,burn energy,fuel the world,,,,,,,A,,False,generate,,115,1,,34.42074899794534,,,
SPLIT_0_OF_1,404,"Creatures sometimes have barbs on their backs that they use to sting, all of these do, outside of the",wasp,bee,scorpion,butterfly,,,,,,,D,,False,generate,,122,1,,34.68619397608563,,,
SPLIT_0_OF_1,405,A renewable resource is,fossil fuel,turbine produced electricity,copper,coal lumps,,,,,,,B,,False,generate,,106,1,,35.00821301713586,,,
SPLIT_0_OF_1,406,"In a hypothetical world, black bears decrease in numbers until there are zero black bears left on this world. The black bear species",would cease existing,would be troubled,would be thriving,would be endangered,,,,,,,A,,False,generate,,130,1,,35.09543096879497,,,
SPLIT_0_OF_1,407,Acid can be used to make a new,light,substance,electricity,sound,,,,,,,B,,False,generate,,106,1,,35.18263599835336,,,
SPLIT_0_OF_1,408,Global warming is lowering the world's amount of,hurricanes,ocean levels,carbon dioxide,ice,,,,,,,D,,False,generate,,108,1,,34.53067998634651,,,
SPLIT_0_OF_1,409,Echolocation can't detect an object's,distance,shape,size,temperature,,,,,,,D,,False,generate,,106,1,,34.97234499081969,,,
SPLIT_0_OF_1,410,What material has already broken down?,wood,glass,boulders,sand,,,,,,,D,,False,generate,,105,1,,34.80712900636718,,,
SPLIT_0_OF_1,411,Which beverage would dissolve solids the best?,A glass of ice-cold water,A boiling hot mug of tea,A cup of warm milk,A room temperature glass of water,,,,,,,B,,False,generate,,124,1,,34.73329998087138,,,
SPLIT_0_OF_1,412,Which animal has live births?,poodle,hummingbird,crocodile,trout,,,,,,,A,,False,generate,,105,1,,34.71409605117515,,,
SPLIT_0_OF_1,413,Quartz crystals are made up of,majic,hexagons,octogons,water,,,,,,,B,,False,generate,,109,1,,34.40563002368435,,,
SPLIT_0_OF_1,414,cellular respiration is when energy is produced in a cell by consumption of,water,nutrients,mitochondria,gas,,,,,,,B,,False,generate,,113,1,,34.326797001995146,,,
SPLIT_0_OF_1,415,Did pasteurization get invented by Thomas Edison?,negative,positive,all of these,maybe it was,,,,,,,A,,False,generate,,110,1,,34.61841301759705,,,
SPLIT_0_OF_1,416,A glass of water can undergo a chemical change by adding,a cup of salt,a cup of dirt,a cup of water,a cup of ice,,,,,,,A,,False,generate,,120,1,,34.53776298556477,,,
SPLIT_0_OF_1,417,Water levels may decrease on cloudless days because,water is warmer than the air,air is warmer than water,moisture is pulled upwards,moisture always tries to rise,,,,,,,C,,False,generate,,122,1,,34.69574498012662,,,
SPLIT_0_OF_1,418,To change an object's shape,rip off a corner portion,lay it flat on a table,color the edges of it,add a piece of tape to it,,,,,,,A,,False,generate,,122,1,,34.68091896502301,,,
SPLIT_0_OF_1,419,Steve was driving on the highway when he rear-ended another car because he didn't see it until he was just a foot away. This could have happened because of,reports of tornadoes in the area,a dog running across the highway behind Steve's car,a sudden fog moving into the area,ice forming on the road,,,,,,,C,,False,generate,,154,1,,36.13493399461731,,,
SPLIT_0_OF_1,420,DNA is a vehicle for passing,clothes types,school grades,elbow size,language and dialect,,,,,,,C,,False,generate,,108,1,,34.609389025717974,,,
SPLIT_0_OF_1,421,A beach ball goes from flat to round once you put what inside of it?,food,sunlight,gas,salt,,,,,,,C,,False,generate,,112,1,,34.7854970023036,,,
SPLIT_0_OF_1,422,"In general, how many times per month is there a full moon?",twice,three times,once,four times,,,,,,,C,,False,generate,,112,1,,34.73238897277042,,,
SPLIT_0_OF_1,423,What kind of object does light bounce off of?,tadpole,any object,item that reflects,black hole,,,,,,,C,,False,generate,,111,1,,34.619704994838685,,,
SPLIT_0_OF_1,424,The amount of brush in a park has been decreasing. What could be a cause?,the season has been quite dry,There has been a lot of rain,snakes shelter under the brush,People have been walking by the brush on the trails,,,,,,,A,,False,generate,,137,1,,34.324140986427665,,,
SPLIT_0_OF_1,425,"if a pot on the stove is described as hot, what does this mean?",the body of the pot is of high temperature,the body of the pot is cold,all of these,the body of the pot is wet,,,,,,,A,,False,generate,,134,1,,35.1717320154421,,,
SPLIT_0_OF_1,426,What animal is more difficult for predators to see in water?,a fish,a duck,an octopus,a crab,,,,,,,C,,False,generate,,113,1,,34.3283640104346,,,
SPLIT_0_OF_1,427,A wedge requires,electrical energy,chemical energy,mechanical energy,heat energy,,,,,,,C,,False,generate,,104,1,,34.69993302132934,,,
SPLIT_0_OF_1,428,In solid phase matter has a/an,concrete configuration,ambiguous form,shapeless form,radioactive glow,,,,,,,A,,False,generate,,109,1,,34.47888698428869,,,
SPLIT_0_OF_1,429,"A school trip is going to study the coral reef for a class. They want to see how strong coral is, and what species of life live in and around it. Therefore, the class",takes a trip to the desert,climbs a tall mountain,travels to the seaside,visits a remote jungle,,,,,,,C,,False,generate,,149,1,,35.813976952340454,,,
SPLIT_0_OF_1,430,"When ice buildup is on a sidewalk, the ice may be reduced by",adding salt,adding litter,adding sand,adding water,,,,,,,A,,False,generate,,115,1,,34.543684974778444,,,
SPLIT_0_OF_1,431,The appropriate place to put this item is the recycling bin,used motor oil,used soda can,used Styrofoam plates,left over medicine,,,,,,,B,,False,generate,,119,1,,34.66139599913731,,,
SPLIT_0_OF_1,432,How many times would someone change the page of a calendar in a year?,13,12,15,14,,,,,,,B,,False,generate,,119,16, inconunct word un concuct word un concuct word un concuct word un,166.96465603308752,,,
SPLIT_0_OF_1,433,A car has the least speed if it,is heavy,is large,is turned off,is small,,,,,,,C,,False,generate,,110,1,,34.68311100732535,,,
SPLIT_0_OF_1,434,Which musical instrument is the same type as a guitar?,flute,cello,drum,trumpet,,,,,,,B,,False,generate,,108,1,,34.74477201234549,,,
SPLIT_0_OF_1,435,The balance result will be number of,kilowatts,kilobytes,kilograms,kilometers,,,,,,,C,,False,generate,,108,1,,34.624970983713865,,,
SPLIT_0_OF_1,436,Which of these is a place where a human might live?,igloo,cloud,Mars,the Moon,,,,,,,A,,False,generate,,110,1,,34.53518799506128,,,
SPLIT_0_OF_1,437,Camouflage is when an organism does what?,reconfigure appearance to blend in,hides its young to avoid prey,changes its shape to appear larger,buries itself to disappear momentarily,,,,,,,A,,False,generate,,125,16, inconunct word inconunct word inconunct inconunct inconunct inconunct inconunct,166.58112005097792,,,
SPLIT_0_OF_1,438,Which of these is required for a plant to enjoy the product of a rain storm?,xylem,luck,magic,dirt,,,,,,,A,,False,generate,,115,1,,34.49462202843279,,,
SPLIT_0_OF_1,439,How does a microscope make small things appear?,humongous,transparent,discolored,distorted,,,,,,,A,,False,generate,,109,1,,34.52612197725102,,,
SPLIT_0_OF_1,440,Water can turn to vapor,when a pot of water is placed on an off stove burner,when placing water in a freezer,when boiling eggs on a stove top,when placed in a room temperature setting,,,,,,,C,,False,generate,,130,1,,35.000497999135405,,,
SPLIT_0_OF_1,441,"An incandescent bulb's filament produces similar light as an LED bulb, but more",white light,conversion,heat,sound,,,,,,,C,,False,generate,,115,1,,34.62266002316028,,,
SPLIT_0_OF_1,442,"A boy at school is waiting desperately for the school day to be over so that he can go home and play video games. He watches the time count down on the clock at the head of the class, counting the",seconds,days,weeks,years,,,,,,,A,,False,generate,,140,1,,34.648855042178184,,,
SPLIT_0_OF_1,443,Camouflage can be used by animals for hunting,water,trees,air,meals,,,,,,,D,,False,generate,,106,1,,34.97168002650142,,,
SPLIT_0_OF_1,444,"Carbohydrates are made of sugar, which means that a diabetic would need to exhibit care in consuming",broccoli,meat,celery,toast,,,,,,,D,,False,generate,,117,1,,34.71719997469336,,,
SPLIT_0_OF_1,445,Hand dryers can also be used to,keep cold drinks cool,dry out clothes after coming in from the rain,hydrate your face and hands,make a damp rag damper,,,,,,,B,,False,generate,,126,1,,34.64945999439806,,,
SPLIT_0_OF_1,446,Polar bears require,a tropical environment,a frigid environment,a tepid environment,a warm environment,,,,,,,B,,False,generate,,111,1,,34.481630951631814,,,
SPLIT_0_OF_1,447,A measurement of time that is less than a minute is a,day,minute,hour,second,,,,,,,D,,False,generate,,109,1,,34.49758398346603,,,
SPLIT_0_OF_1,448,What will be more available in an area when rainfall increases?,fire,air,dirt,H2O,,,,,,,D,,False,generate,,110,1,,34.62906996719539,,,
SPLIT_0_OF_1,449,When does the first quarter phase of the moon occur?,when you cannot see the moon in the sky at night,after the first phase of the lunar month,after a blue moon,during the full moon,,,,,,,B,,False,generate,,130,1,,35.237842006608844,,,
SPLIT_0_OF_1,450,An ice cube placed in sunlight will,shrink,change color,grow,freeze,,,,,,,A,,False,generate,,105,1,,34.78003799682483,,,
SPLIT_0_OF_1,451,"If a person loses his job and is low on money, he will have to start cutting back on how much food he consumes or he'd run out, otherwise known as",destroying,conserving,losing,squandering,,,,,,,B,,False,generate,,133,1,,34.99657899374142,,,
SPLIT_0_OF_1,452,The skeletal system protects which of these?,liver,eyelashes,finger nails,blood vessels,,,,,,,A,,False,generate,,107,1,,34.57659896230325,,,
SPLIT_0_OF_1,453,What has more gravity force than Earth but less than the sun?,Jupiter,the moon,a space station,a comet,,,,,,,A,,False,generate,,113,1,,34.458250971511006,,,
SPLIT_0_OF_1,454,The dam was put under much more stress after the,party,huge rain storm,drought,breakup.,,,,,,,B,,False,generate,,109,1,,34.58076901733875,,,
SPLIT_0_OF_1,455,If photosynthesis was a recipe it would require these ingredients,"CO2, water, and argon","sunlight, oxygen, and fertilizer","CO2, H20, and cloudy skies","CO2, H20, and sun rays",,,,,,,D,,False,generate,,138,1,,34.36193894594908,,,
SPLIT_0_OF_1,456,"If a nail is Fe, that nail is",foreign,atomic 26,nickel,atomic 12,,,,,,,B,,False,generate,,112,1,,34.842173976358026,,,
SPLIT_0_OF_1,457,when a circle is torn it is,doubled,changed,a smaller circle,a square,,,,,,,B,,False,generate,,107,1,,34.737865964416414,,,
SPLIT_0_OF_1,458,Wind can cause,leaves to remain on branches,trees to stand perfectly still,dunes at the beach to be depleted,still waters on the ocean,,,,,,,C,,False,generate,,119,1,,34.577888960484415,,,
SPLIT_0_OF_1,459,What happens as water levels rise?,fish swim more,homes are built,land is taller,beaches shrink,,,,,,,D,,False,generate,,110,1,,34.62853695964441,,,
SPLIT_0_OF_1,460,An increase in an object's temperature occurs when,an orange is placed in a refrigerator,a steak is removed from the freezer to defrost,a glass of water is moved from counter top to dinner table,an ice tray is placed in a freezer,,,,,,,B,,False,generate,,139,1,,34.48898298665881,,,
SPLIT_0_OF_1,461,A sousaphone,is ancient,is a frog,makes deep noises,is a smartphone,,,,,,,C,,False,generate,,108,1,,34.65459600556642,,,
SPLIT_0_OF_1,462,A cooked lobster is,inedible,cold,dead,green,,,,,,,C,,False,generate,,103,1,,34.58648402011022,,,
SPLIT_0_OF_1,463,An animal might pant,on a sunny day,during a rain storm,when it is snowing,during the night time,,,,,,,A,,False,generate,,114,1,,34.60071899462491,,,
SPLIT_0_OF_1,464,Carnivores,eat foliage and vegetables exclusively,are the bottom of the food chain,require prey to survive,require carbon dioxide to survive,,,,,,,C,,False,generate,,118,1,,34.54731497913599,,,
SPLIT_0_OF_1,465,The light that appears dimmest is,the light in the hall,a light in the room,a star outside the window,a streetlight outside the window,,,,,,,C,,False,generate,,122,1,,34.78408703813329,,,
SPLIT_0_OF_1,466,A plant will grow strong if it has,love,heat,earth,sand,,,,,,,C,,False,generate,,105,1,,34.6228220150806,,,
SPLIT_0_OF_1,467,loose soil can be caused by one of these,a koala sitting on a tree,none of these,a worm burrowing through the earth,a bird flying through the air,,,,,,,C,,False,generate,,126,1,,34.606953035108745,,,
SPLIT_0_OF_1,468,An instinctual behavior is,dogs rolling over on command,frogs returning to the ponds were they hatched to lay eggs,birds mimicking human speech,seals clapping for treats from trainers,,,,,,,B,,False,generate,,127,1,,34.4344149925746,,,
SPLIT_0_OF_1,469,How do plants reproduce?,seeds,stem,flowers,leaves,,,,,,,A,,False,generate,,101,1,,35.95679096179083,,,
SPLIT_0_OF_1,470,What produce pollen and seeds?,lakes that are frozen over,things you give a loved one in a bouquet,various types of animals,a person that is healthy,,,,,,,B,,False,generate,,121,1,,34.678141004405916,,,
SPLIT_0_OF_1,471,which of these would be most ideal for plant root growth?,a sticky clay soil,soil with worms burrowing around,an arid soil with little looseness,all of these,,,,,,,B,,False,generate,,125,1,,34.68187100952491,,,
SPLIT_0_OF_1,472,Having a sense of touch means,I am the water,I am a tree,I am an Ant,I am the Air,,,,,,,C,,False,generate,,115,1,,34.453250002115965,,,
SPLIT_0_OF_1,473,Live birth is exemplified in,snakes slithering out of eggs,a calf emerging from a mother giraffe,owlets pecking out of their encasement,sea turtles emerging from their shells,,,,,,,B,,False,generate,,131,1,,35.09338601725176,,,
SPLIT_0_OF_1,474,Cooking peas requires,fresh briny sea water,an unheated stove top,salt and cayenne pepper,turning on a stove top,,,,,,,D,,False,generate,,119,1,,34.57824297947809,,,
SPLIT_0_OF_1,475,Earth revolves around,the moon,outer space,another planet,an energy source,,,,,,,D,,False,generate,,105,1,,34.72073999000713,,,
SPLIT_0_OF_1,476,A satellite orbits a,empty space,ocean,terrestrial body,air pocket,,,,,,,C,,False,generate,,104,1,,34.65761395636946,,,
SPLIT_0_OF_1,477,Will happen to the number of islands if the planet's temperature rises?,they will increase,nothing will happen,they will shrink,they will double,,,,,,,C,,False,generate,,118,1,,34.61645403876901,,,
SPLIT_0_OF_1,478,There is a heightened threat of landslide in,the desert,The Andes,the ocean,Indiana,,,,,,,B,,False,generate,,109,1,,34.58900796249509,,,
SPLIT_0_OF_1,479,An example of water being an electrical conductor would be what?,lightening hitting water and organisms inside dying,standing in a puddle and avoiding being struck by lightening,standing in a field and getting struck by lightening,grabbing a fence and being shocked,,,,,,,A,,False,generate,,140,1,,34.484464034903795,,,
SPLIT_0_OF_1,480,What would Occur once between January 1st and December 31st,The moons orbit around the year,One rotation on mercury,The distance between earth and Jupiter when traveling at light speed,A Solar Year on earth,,,,,,,D,,False,generate,,135,1,,34.88158201798797,,,
SPLIT_0_OF_1,481,Burning something that reproduces usually will:,impair its well being in some way,weed out weaker members of the species,speed up its biological functions,increase its population growth,,,,,,,A,,False,generate,,124,1,,34.86000804696232,,,
SPLIT_0_OF_1,482,what does a chipmunk do with acorns,throw them at other chipmunks,leave them where they're found,use them to build shelter,transfer them to the stomach,,,,,,,D,,False,generate,,126,1,,34.707690007053316,,,
SPLIT_0_OF_1,483,"A pot of pasta is boiling on the stove, and the lid on top of the pot is shaking as the water boils more rapidly. A person goes to the stove and removes the pot, releasing steam into the air above, and so the steam is",cold air,water vapor,very dry,boiling water,,,,,,,B,,False,generate,,151,1,,34.49675801675767,,,
SPLIT_0_OF_1,484,A plant that gets extra minerals such as zinc are probably,planted in zinc pills,plated in the sea,placed in good soil,made out of soil,,,,,,,C,,False,generate,,120,1,,34.93807004997507,,,
SPLIT_0_OF_1,485,Which item has a higher altitude?,Tile Floor,Cars,A 6'' Man,A Picture Book,,,,,,,C,,False,generate,,110,1,,34.67330301646143,,,
SPLIT_0_OF_1,486,"if a student wants an orange, he would have to get it from which of these?",from a live cow,from a live plant,from a volcano cave,from a wild dog,,,,,,,B,,False,generate,,126,1,,35.00818501925096,,,
SPLIT_0_OF_1,487,What could have covered an organism in order to create a trilobite?,Grass,Water,Snow,Sand,,,,,,,D,,False,generate,,112,1,,34.865115012507886,,,
SPLIT_0_OF_1,488,A dog is more likely to shiver at,1 pm,5 am,9 am,6 pm,,,,,,,B,,False,generate,,114,1,,34.53671402530745,,,
SPLIT_0_OF_1,489,"Photosynthesis does what by converting carbon dioxide, water, and sunlight into carbohydrates?",nourishes small protein bits that need to eat with tiny shakes,providing nourishment which enables some growth to vegetation,mixes carbs into soluble plant matter,makes good vegetable protein,,,,,,,B,,False,generate,,139,1,,34.25518801668659,,,
SPLIT_0_OF_1,490,where might a bunny live?,a thicket,atop palm trees,a sewer system,a deserted island,,,,,,,A,,False,generate,,110,1,,34.54543597763404,,,
SPLIT_0_OF_1,491,"A shark will be unable to survive on eating algae and moss, because",it is a predator,it is a vegetarian,it is a freshwater fish,it is a producer,,,,,,,A,,False,generate,,124,1,,34.674196038395166,,,
SPLIT_0_OF_1,492,"A meadow vole just gave birth, and needs to feed herself so that she can produce milk for her babies. She searches for food in a field, and happily munches down on some",oil,deer,bugs,recycled plastic fruit,,,,,,,C,,False,generate,,138,1,,34.50131701538339,,,
SPLIT_0_OF_1,493,The Grand Canyon was formed by,a volcano erupting in 1782,a river named after the 20th state to join the union flowing over time,a river named after the 38th state to join the union flowing over time,the Great Lakes drying up,,,,,,,C,,False,generate,,148,1,,35.483446961734444,,,
SPLIT_0_OF_1,494,"A woman, with a pale complexion, wants to spend the bright, sunny day at the beach. She makes sure that she stops at the store to pick up some sunblock before she begins to enjoy her day filled with sand and surf. She applies the sunblock carefully and thoroughly, because she knows that",UV rays are harmful,sunlight will be fun,the sun is close,the sun is in space,,,,,,,A,,False,generate,,171,1,,36.11634694971144,,,
SPLIT_0_OF_1,495,A person is heating water in order to cook pasta. He spills the pot of water on his leg and finds that the water,scalds,cools,toasts,freezes,,,,,,,A,,False,generate,,126,1,,34.83685594983399,,,
SPLIT_0_OF_1,496,Pasta may be cooked in water when,the water is warm,the water is on the stove,water is bubbling from applied warmth,the pasta is very fresh,,,,,,,C,,False,generate,,123,1,,34.386190003715456,,,
SPLIT_0_OF_1,497,A decrease in diseases,has no impact on a population,leads to more sick people,leads to less sick people,leads to an uptick in emergency room visits,,,,,,,C,,False,generate,,122,1,,34.700763993896544,,,
SPLIT_0_OF_1,498,"When soil is viewed in a scientific way, what is seen and viewed is actually",insects like big beetles,tiny lifeforms in dirt,small mammals living there,a lot of tiny pebbles,,,,,,,B,,False,generate,,130,1,,35.025054996367544,,,
SPLIT_0_OF_1,499,Some animals use a liquid coming from their skin to adjust to,cold,water,heat,humidity,,,,,,,C,,False,generate,,109,1,,34.52926594763994,,,
